Départ entrepôt Cerp,Pharmacie du Valois,Pharmacie Lepesme,Pharmacie de Boissy,Pharmacie wellpharma Principale,Pharmacie de l'Église,PHARMACIE DU MARCHÉ,Pharmacie de l'Olivier,Pharmacie de l'Ourcq,Pharmacie du Pont de la Ville,Pharmacie Des Pelletiers,Pharmacie de l'Eglise,Pharmacie de Condé,Aprium Pharmacie St Soupplets,Pharmacie Des Templiers,Pharmacie Forum Santé du Canal,Pharmacie Forum Santé de Rebais SELAS,Pharmacie de la Mairie,Pharmacie Lefeuvre-Garriot,Pharmacie du Pays de l'Ourcq,PHARMACIE RATSIMBAZAFY,Pharmacie Lcce -Pharmacie du centre,Pharmacie Dufour,Pharmacie de Jouarre,Pharmacie du Faubourg,Pharmacie de La Vallée du Morin,Pharmacie Des Saisons de Meaux,Pharmacie Delahaye et Servais,Pharmacie de Quincy-Voisins,Pharmacie du Haudouin,Pharmacie de la Gare,Pharmacie Desabres,Pharmacie De Mouroux,Ma Pharmacie de Bailly,Pharmacie Principale,Pharmacie Godart,Pharmacie du Moulin,Pharmacie Quer,Pharmacie de Beton-Bazoches,Pharmacie Saint Georges,Pharmacie Darras,Pharmacie d'Ile-de-France,Pharmacie du Faubourg,Pharmacie Branger,Pharmacie de Magny,Pharmacie Peda,Pharmacie Potellet-Collard,Pharmacie Avicenne,PHARMACIE DU CŒUR DE LA BRIE,PHARMACIE DE LA POSTE,Pharmacie de Chessy,Pharmacie de la Verriere SELAS,PHARMACIE LEFEBVRE TOULET KAREN,PHARMACIE DU PARC,Pharmacie Parapharmacie des Sources,PHARMACIE DE JUILLY,Pharmacie du Breon,Pharmacie du Centre,La Pharmacie de Guignes,Pharmacie de la Pierre Collinet,Pharmacie de Acy en Multien,Pharmacie Centrale Noël,PHARMACIE PRINCIPALE,Pharmacie des Remparts,Pharmacie Beauval,Pharmacie principale de Mareuil - Elsie Santé,Pharmacie Vauchier,PHARMACIE DU BEFFROI,Pharmacie Beaujean Dominique,Pharmacie Rombaux,Pharmacie Khin de St Germain sur Morin,Pharmacie ROSSET,Pharmacie Centrale de Claye,Pharmacie De Mauperthuis,Pharmacie de l'Hotel de Ville,Pharmacie Blassel,Pharmacie Parisot,Pharmacie du Golf à Bailly-romainvilliers,Pharmacie de Saint-Jean - Mr et Mme Poisson,Pharmacie de St Mard Elsie,Pharmacie Victor Hugo,Pharmacie de Pontcarré,Pharmacie De La Gare,Pharmacie des Ormes,Grande Pharmacie Du centre,Pharmacie des Saints Pères nanteuil les meaux
Pharmacie du Valois,2645.1,0.0,4479.3,4267.2,4125.0,2586.2,3374.3,3005.1,1862.3,4007.9,3035.9,4946.4,3050.3,1697.3,4007.2,2212.8,4081.9,5057.0,169.9,2204.7,1680.7,2827.2,1199.7,3174.3,3089.2,4694.7,2324.8,741.1,2810.1,899.8,2827.2,2256.9,3791.4,3172.0,175.5,4253.9,3963.0,1446.3,5379.7,1970.7,4388.8,4184.9,2448.2,4689.7,3112.4,2614.1,5255.3,2903.6,4647.2,1564.5,3113.7,2391.2,4537.6,2511.0,1463.3,1843.1,4078.0,3817.4,4645.9,2548.5,1129.5,4033.4,3687.5,136.5,2455.3,2632.2,3363.0,3356.4,4214.2,1432.7,3036.1,2599.0,2327.4,2204.2,3045.5,1189.1,3846.9,3172.0,3048.1,1621.0,3597.0,3233.2,3501.8,4130.7,1567.1
Pharmacie Lepesme,2107.2,4451.8,0.0,1668.2,1272.8,2478.7,1591.8,1739.7,3712.3,1368.1,2407.7,1365.9,2348.6,2901.8,1439.6,3072.3,2084.6,964.5,4446.1,3098.7,3418.3,1902.9,3974.5,2196.3,2393.6,1969.7,2241.7,3706.9,1894.4,3711.2,1902.9,2601.0,1454.0,1615.3,4451.7,482.0,1269.4,3372.7,1182.2,2641.8,808.4,1378.3,2222.1,939.4,1854.4,2525.4,1080.3,1947.2,1896.1,3249.7,2048.4,2338.1,2629.6,2212.3,3230.7,3127.0,625.2,889.1,999.4,2239.0,3318.9,1393.6,922.6,4412.7,2375.3,2094.3,1319.4,1598.6,1132.1,3840.6,1664.8,2491.5,2754.1,2545.6,2429.0,3301.6,1309.1,1615.3,2353.7,3334.6,1071.0,1557.9,1734.3,1174.6,3533.4
Pharmacie de Boissy,1961.9,4262.3,1695.4,0.0,436.2,2021.8,1192.1,1578.5,2889.8,319.1,1313.6,1163.6,1254.5,2786.4,345.5,2079.6,416.4,2509.8,4256.6,2106.0,3586.3,1741.7,3859.1,1102.2,1299.5,1029.2,2146.5,3517.4,1723.7,3595.8,1741.7,2455.7,615.1,1669.2,4260.5,1683.7,933.6,3297.2,1765.7,2526.4,2010.1,496.1,2076.8,2311.0,1755.6,2364.2,1713.3,1786.0,981.7,3134.3,1926.6,2192.8,961.4,2117.1,3115.3,3031.8,1863.0,2126.9,2403.6,2093.7,3129.4,344.6,2160.4,4223.2,2230.0,1949.0,1759.4,1173.1,996.0,3174.7,1471.7,1978.3,2702.4,2753.8,1334.9,3186.2,1141.6,1669.2,1655.4,3519.9,2308.8,2290.3,2662.9,982.5,3418.0
Pharmacie wellpharma Principale,1703.0,4077.5,1314.3,441.1,0.0,1762.9,933.2,1319.6,2756.8,141.0,1180.6,926.7,1121.5,2527.5,212.5,1946.6,857.5,2128.7,4071.8,1973.0,3327.4,1482.8,3600.2,969.2,1166.5,953.3,1887.6,3332.6,1464.8,3336.9,1482.8,2196.8,356.2,1410.3,4077.4,1302.6,674.7,3038.3,1528.8,2267.5,1629.0,149.5,1817.9,1929.9,1496.7,2105.3,1476.4,1527.1,1015.3,2875.4,1667.7,1933.9,1402.5,1858.2,2856.4,2772.9,1481.9,1745.8,2022.5,1834.8,2944.6,166.5,1779.3,4038.4,1971.1,1690.1,1500.5,914.2,636.7,3041.7,1212.8,1719.4,2443.5,2494.9,1201.9,2927.3,882.7,1410.3,1522.4,3261.0,1927.7,2031.4,2404.0,723.6,3159.1
Pharmacie de l'Église,629.0,2518.5,2535.7,2137.9,1877.0,0.0,1378.1,1146.7,1680.7,1860.0,1020.8,2748.6,961.7,1032.3,1880.7,1045.9,1971.8,3113.4,2512.8,1072.3,1832.2,1050.9,2105.0,1047.8,1006.7,2584.6,581.7,1773.6,813.9,1841.7,1050.9,569.4,1633.7,1228.4,2518.4,2310.3,1882.9,1543.1,3350.7,772.3,2445.2,1936.9,346.1,2746.1,1323.8,1251.3,3298.3,1127.3,2537.1,1380.2,1379.4,265.0,2449.0,644.3,1361.2,1479.5,2134.4,2341.2,2702.6,422.3,1385.6,1885.5,2267.2,2479.4,308.7,616.1,1419.4,1360.2,2037.1,1809.0,1039.9,175.2,1205.9,1349.3,1042.1,1432.1,1850.7,1228.4,624.3,1772.5,2176.7,1812.9,2185.5,2023.6,1663.9
PHARMACIE DU MARCHÉ,1014.7,3389.2,1568.4,1180.5,919.6,1386.2,0.0,511.6,2619.8,902.6,1400.2,1791.2,1341.1,1839.2,951.9,1992.3,1596.9,2146.1,3383.5,2018.7,2559.6,674.8,2911.9,1420.1,1386.1,1817.8,1199.3,2644.3,663.7,2648.6,674.8,1508.5,564.9,602.3,3389.1,1343.0,736.5,2350.0,2393.3,1579.2,1477.9,979.5,1129.6,1778.8,688.7,1297.3,2340.9,719.1,1879.8,2187.1,859.7,1245.6,2141.9,1169.9,2168.1,2079.1,1167.1,1373.9,1735.3,1146.5,2256.3,928.1,1407.4,3350.1,1282.8,1001.8,585.7,63.4,987.7,2748.1,404.8,1399.0,1635.5,1686.9,1421.5,2239.0,541.5,602.3,1331.4,2475.9,1555.8,1223.4,1596.0,916.7,2470.8
Pharmacie de l'Olivier,743.9,2973.1,1759.0,1581.0,1320.1,1115.4,469.4,0.0,2349.0,1303.1,1461.6,2191.7,1402.5,1423.1,1352.4,1842.4,1997.4,2336.7,2967.4,1834.3,2080.6,203.1,2495.8,1488.6,1447.5,2218.3,763.0,2228.2,392.9,2232.5,203.1,1237.7,965.4,428.1,2973.0,1533.6,1137.0,1933.9,2659.4,1163.1,1668.5,1380.0,858.8,1969.4,194.2,825.6,2535.0,247.4,2280.3,1771.0,365.2,974.8,2542.4,717.5,1752.0,1607.4,1357.7,1564.5,1925.9,875.7,1840.2,1328.6,1598.0,2934.0,1012.0,731.0,630.4,451.5,1388.2,2477.3,110.1,1128.2,1163.8,1291.7,1482.9,1822.9,942.0,428.1,1168.5,1996.9,1543.4,1179.6,1552.2,1317.2,2054.7
Pharmacie de l'Ourcq,1899.9,1870.3,3806.6,2911.5,2769.3,1668.1,2649.0,2417.6,0.0,2652.2,1680.2,3590.7,1694.6,1790.8,2651.5,901.0,2726.2,4384.3,1864.6,927.4,2654.8,2297.7,2284.2,1818.6,1733.5,3339.0,1795.3,1125.4,2084.8,1921.2,2297.7,1116.1,2695.0,2499.3,1866.3,3581.2,3036.0,2365.7,4203.1,1827.5,3716.1,2829.2,1617.0,4017.0,2582.9,2522.2,4190.6,2374.1,3291.5,2088.2,2626.2,1560.0,3181.9,1915.2,2169.3,2531.5,3405.3,3612.1,3973.5,1717.3,1016.5,2677.7,3538.1,1831.2,1624.1,1887.0,2690.3,2631.1,3098.4,649.3,2310.8,1698.9,2476.8,2620.2,1689.8,2262.2,3121.6,2499.3,1761.1,2595.1,3447.6,3083.8,3456.4,3084.9,2486.5
Pharmacie du Pont de la Ville,1647.9,4022.4,1376.3,346.6,117.1,1707.8,878.1,1264.5,2655.5,0.0,1079.3,988.7,1020.2,2472.4,118.0,1845.3,763.0,2190.7,4016.7,1871.7,3272.3,1427.7,3545.1,867.9,1065.2,1015.3,1832.5,3277.5,1409.7,3281.8,1427.7,2141.7,301.1,1355.2,4022.3,1364.6,619.6,2983.2,1590.8,2212.4,1691.0,177.0,1762.8,1991.9,1441.6,2050.2,1538.4,1472.0,1077.3,2820.3,1612.6,1878.8,1308.0,1803.1,2801.3,2717.8,1543.9,1807.8,2084.5,1779.7,2889.5,72.2,1841.3,3983.3,1916.0,1635.0,1445.4,859.1,682.0,2940.4,1157.7,1664.3,2388.4,2439.8,1100.6,2872.2,827.6,1355.2,1421.1,3205.9,1989.7,1976.3,2348.9,668.5,3104.0
Pharmacie Des Pelletiers,1420.1,3063.2,2469.5,1352.5,1210.3,934.6,1440.7,1540.1,1682.7,1093.2,0.0,2001.8,90.2,1966.9,1092.5,880.5,1137.3,3283.9,3057.5,906.9,2766.8,1703.3,3039.6,259.6,53.3,1750.1,1516.3,2318.3,1207.3,2776.3,1703.3,1463.0,1311.7,1429.6,3061.4,2457.8,1652.7,2477.7,2614.2,1706.9,2646.4,1270.2,1280.7,2947.3,1566.8,2185.9,2631.6,1747.6,1702.6,2314.8,1819.0,1199.6,1589.6,1525.2,2295.8,2414.1,2335.6,2542.4,2903.8,1356.9,1930.3,1118.7,2468.4,3024.1,1243.3,1407.2,1620.6,1421.7,1715.1,1975.6,1433.3,891.1,2140.5,2283.9,32.0,2366.7,1750.9,1429.6,561.8,2707.1,2377.9,2014.1,2386.7,1701.6,2598.5
Pharmacie de l'Eglise,2580.0,4954.5,1501.0,1165.0,922.7,2639.9,1810.2,2196.6,3602.4,1018.0,2021.4,0.0,1934.4,3404.5,1089.5,2792.2,930.2,2266.5,4948.8,2818.6,4204.4,2359.8,4477.2,1817.6,1979.4,703.0,2764.6,4209.6,2341.8,4213.9,2359.8,3073.8,1233.2,2287.3,4954.4,1617.5,1551.7,3915.3,643.3,3144.5,1943.9,1028.2,2694.9,2241.4,2373.7,2982.3,1218.2,2404.1,537.7,3752.4,2544.7,2810.9,1504.2,2735.2,3733.4,3649.9,1760.7,2024.6,2301.4,2711.8,3821.6,1043.5,2058.1,4915.4,2848.1,2567.1,2377.5,1791.2,1409.5,3887.3,2089.8,2596.4,3320.5,3371.9,2047.5,3804.3,1759.7,2287.3,2370.8,4138.0,2206.5,2693.4,2869.8,1600.6,4036.1
Pharmacie de Condé,1329.9,3048.9,2379.3,1262.3,1120.1,844.4,1350.5,1449.9,1676.4,1003.0,87.0,1911.6,0.0,1876.7,1002.3,866.2,1047.1,3193.7,3043.2,892.6,2676.6,1613.1,2949.4,169.4,45.0,1659.9,1426.1,2304.0,1117.1,2686.1,1613.1,1405.7,1221.5,1339.4,3047.1,2367.6,1562.5,2387.5,2524.0,1616.7,2556.2,1180.0,1190.5,2857.1,1476.6,2095.7,2541.4,1657.4,1612.4,2224.6,1728.8,1109.4,1499.4,1435.0,2205.6,2323.9,2245.4,2452.2,2813.6,1266.7,1916.0,1028.5,2378.2,3009.8,1153.1,1317.0,1530.4,1331.5,1624.9,1961.3,1343.1,800.9,2050.3,2193.7,119.0,2276.5,1660.7,1339.4,471.6,2616.9,2287.7,1923.9,2296.5,1611.4,2508.3
Aprium Pharmacie St Soupplets,1074.0,1695.3,2908.2,2835.9,2575.0,1080.1,1803.2,1434.0,1850.9,2558.0,1938.5,3446.6,1879.4,0.0,2607.3,1344.3,2889.5,3485.9,1780.2,1336.2,920.6,1256.1,1200.9,1965.5,1924.4,3473.2,753.7,1465.1,1239.0,937.6,1256.1,962.0,2220.3,1600.9,1827.8,2682.8,2391.9,631.5,3808.6,374.4,2817.7,2634.9,910.0,3118.6,1541.3,1447.0,3684.2,1332.5,3454.8,476.1,1584.6,885.1,3366.7,939.9,457.1,797.3,2506.9,2713.7,3075.1,984.8,1149.5,2583.5,2639.7,1788.8,949.2,1061.1,1791.9,1785.3,2643.1,1979.2,1465.0,1092.9,1401.6,1444.1,1959.8,528.0,2275.8,1600.9,1542.0,860.9,2549.2,2185.4,2558.0,2559.6,752.3
Pharmacie Des Templiers,1718.5,4012.6,1466.3,349.3,207.1,1778.4,948.7,1335.1,2640.1,90.0,1063.9,1078.7,1004.8,2543.0,0.0,1829.9,765.7,2280.7,4006.9,1856.3,3342.9,1498.3,3615.7,852.5,1049.8,1105.3,1903.1,3267.7,1480.3,3352.4,1498.3,2212.3,371.7,1425.8,4010.8,1454.6,690.2,3053.8,1680.8,2283.0,1781.0,267.0,1833.4,2081.9,1512.2,2120.8,1628.4,1542.6,1167.3,2890.9,1683.2,1949.4,1310.7,1873.7,2871.9,2788.4,1633.9,1897.8,2174.5,1850.3,2879.7,115.5,1931.3,3973.5,1986.6,1705.6,1516.0,929.7,752.6,2925.0,1228.3,1734.9,2459.0,2510.4,1085.2,2942.8,898.2,1425.8,1405.7,3276.5,2079.7,2046.9,2419.5,739.1,3174.6
Pharmacie Forum Santé du Canal,1366.3,2182.7,3144.9,2147.4,2005.2,904.0,2059.9,1884.0,966.5,1888.1,916.1,2826.6,930.5,1257.2,1887.4,0.0,1962.1,3722.6,2177.0,26.4,2121.2,1764.1,2353.8,1054.5,969.4,2574.9,1261.7,1437.8,1551.2,1971.8,1764.1,582.5,1930.9,1837.6,2180.9,2919.5,2271.9,1832.1,3439.0,1293.9,3054.4,2065.1,1083.4,3355.3,1974.8,1988.6,3426.5,1840.5,2527.4,1563.7,2092.6,1026.4,2417.8,1381.6,1644.8,1997.9,2743.6,2950.4,3311.8,1183.7,1049.8,1913.6,2876.4,2143.6,1090.5,1353.4,2028.6,2040.9,2334.3,1095.1,1777.2,934.8,1943.2,2086.6,925.7,1728.6,2370.1,1837.6,1005.6,2061.5,2785.9,2422.1,2794.7,2320.8,1952.9
Pharmacie Forum Santé de Rebais SELAS,2311.2,4057.0,2076.6,381.2,817.4,1825.7,1573.3,1959.7,2684.5,700.3,1103.5,929.9,1016.5,2858.0,726.7,1874.3,0.0,2891.0,4051.3,1900.7,3657.9,2122.9,3930.7,899.7,1061.5,678.2,2407.4,3312.1,2098.4,3667.4,2122.9,2387.0,996.3,2050.4,4055.2,2064.9,1314.8,3368.8,1542.3,2598.0,2391.3,877.3,2171.8,2692.2,2136.8,2745.4,2094.5,2167.2,630.7,3205.9,2307.8,2090.7,610.4,2416.3,3186.9,3305.2,2244.2,2508.1,2784.8,2248.0,2924.1,725.8,2541.6,4017.9,2134.4,2298.3,2140.6,1554.3,1377.2,2969.4,1852.9,1782.2,3031.6,3135.0,1129.6,3257.8,1522.8,2050.4,1452.9,3598.2,2690.0,2671.5,3044.1,1363.7,3489.6
Pharmacie de la Mairie,2690.3,5034.9,960.7,2529.8,2134.4,3061.8,2174.9,2322.8,4295.4,2229.7,3229.9,2245.3,3170.8,3484.9,2301.2,3655.4,2946.2,0.0,5029.2,3681.8,3927.7,2486.0,4557.6,3057.9,3215.8,2868.7,2824.8,4290.0,2477.5,4284.4,2486.0,3184.1,2315.6,2198.4,5034.8,1185.6,2131.0,3882.1,2070.7,3224.9,765.9,2239.9,2805.2,667.3,2437.5,3046.3,1831.1,2530.3,2775.5,3832.8,2631.5,2921.2,3491.2,2795.4,3813.8,3710.1,1093.5,1505.2,477.4,2822.1,3902.0,2255.2,1538.7,4995.8,2958.4,2677.4,1902.5,2181.7,1993.7,4423.7,2247.9,3074.6,3263.5,3055.0,3251.2,3884.7,2170.7,2198.4,2936.8,3844.0,1632.2,2067.3,2269.2,2036.2,4050.8
Pharmacie Lefeuvre-Garriot,2642.9,168.0,4477.1,4265.0,4122.8,2584.0,3372.1,3002.9,1860.1,4005.7,3033.7,4944.2,3048.1,1775.4,4005.0,2210.6,4079.7,5054.8,0.0,2202.5,1758.8,2825.0,1064.1,3172.1,3087.0,4692.5,2322.6,738.9,2807.9,977.9,2825.0,2254.7,3789.2,3169.8,116.9,4251.7,3960.8,1524.4,5377.5,2048.8,4386.6,4182.7,2446.0,4687.5,3110.2,2692.2,5253.1,2901.4,4645.0,1642.6,3153.5,2389.0,4535.4,2508.8,1541.4,1921.2,4075.8,3895.5,4644.0,2546.3,1127.3,4031.2,3765.6,77.9,2453.1,2630.0,3360.8,3354.2,4212.0,1403.4,3033.9,2596.8,2405.5,2282.3,3043.3,1267.2,3844.7,3169.8,3045.9,1699.1,3675.1,3311.3,3579.9,4128.5,1645.2
Pharmacie du Pays de l'Ourcq,1339.9,2156.3,3160.9,2163.4,2021.2,920.0,2075.9,1857.6,940.4,1904.1,932.1,2842.6,946.5,1230.8,1903.4,109.0,1978.1,3738.6,2150.6,0.0,2094.8,1737.7,2327.4,1070.5,985.4,2590.9,1235.3,1411.4,1524.8,1945.4,1737.7,556.1,1946.9,1853.6,2154.5,2935.5,2287.9,1805.7,3455.0,1267.5,3070.4,2081.1,1057.0,3371.3,1990.8,1962.2,3442.5,1814.1,2543.4,1537.3,2066.2,1000.0,2433.8,1355.2,1618.4,1971.5,2759.6,2966.4,3327.8,1157.3,1023.4,1929.6,2892.4,2117.2,1064.1,1327.0,2044.6,2056.9,2350.3,1068.7,1750.8,950.8,1916.8,2060.2,941.7,1702.2,2386.1,1853.6,1021.6,2035.1,2801.9,2438.1,2810.7,2336.8,1926.5
PHARMACIE RATSIMBAZAFY,1802.2,1635.3,3408.8,3564.1,3303.2,1808.3,2525.3,2162.2,2584.6,3286.2,2666.7,4174.8,2607.6,832.8,3335.5,2078.0,3617.7,3923.4,1720.2,2069.9,0.0,1984.3,1242.8,2693.7,2652.6,4201.4,1481.9,1577.3,1967.2,877.6,1984.3,1690.2,2948.5,2325.9,1767.8,3198.3,3120.1,227.5,4370.2,1102.6,3340.0,3363.1,1638.2,3640.9,2177.1,1426.6,4268.3,1936.2,4183.0,1014.6,1926.2,1613.3,4094.9,1668.1,913.4,554.3,3007.5,2629.9,3458.4,1713.0,1723.1,3311.7,2500.0,1728.8,1677.4,1789.3,2273.8,2507.4,3371.3,2257.4,2193.2,1821.1,1139.9,1016.7,2688.0,671.8,2997.9,2325.9,2270.2,332.2,2409.5,2045.7,2314.3,3245.2,543.4
Pharmacie Lcce -Pharmacie du centre,898.9,2806.7,1962.9,1784.9,1524.0,1061.4,673.3,247.5,2273.7,1507.0,1665.5,2395.6,1606.4,1256.7,1556.3,1767.1,2201.3,2540.6,2801.0,1759.0,1979.2,0.0,2329.4,1692.5,1651.4,2422.2,596.6,2061.8,596.8,2066.1,0.0,1162.4,1169.3,573.0,2806.6,1737.5,1340.9,1767.5,2863.3,996.7,1872.4,1583.9,758.9,2173.3,354.8,724.2,2738.9,146.0,2484.2,1604.6,398.1,920.8,2746.3,551.1,1585.6,1441.0,1561.6,1768.4,2129.8,833.7,1673.8,1532.5,1721.3,2767.6,959.6,886.0,834.3,655.4,1592.1,2402.0,314.0,1074.2,1062.4,1190.3,1686.8,1656.5,1145.9,573.0,1372.4,1895.5,1630.8,1267.0,1639.6,1521.1,1888.3
Pharmacie Dufour,2169.2,1214.2,4003.4,3931.1,3670.2,2175.3,2898.4,2529.2,2252.0,3653.2,3033.7,4541.8,2974.6,1196.2,3702.5,2394.4,3984.7,4581.1,1058.7,2386.3,1294.2,2351.3,0.0,3060.7,3019.6,4568.4,1848.9,1142.3,2334.2,490.7,2351.3,2057.2,3315.5,2696.1,1175.6,3778.0,3487.1,1059.8,4903.8,1469.6,3912.9,3730.1,2005.2,4213.8,2636.5,2227.6,4779.4,2427.7,4550.0,1063.4,2679.8,1980.3,4461.9,2035.1,962.2,1456.6,3602.1,3430.9,4170.3,2080.0,1311.1,3678.7,3301.0,1136.6,2044.4,2156.3,2887.1,2880.5,3738.3,1822.4,2560.2,2188.1,1940.9,1817.7,3055.0,688.0,3371.0,2696.1,2637.2,1234.5,3210.5,2846.7,3115.3,3654.8,999.1
Pharmacie de Jouarre,1444.4,3193.0,2209.9,1092.9,950.7,958.9,1457.0,1564.4,1820.5,833.6,244.3,1788.5,185.2,1991.2,832.9,1010.3,924.0,3024.3,3187.3,1036.7,2791.1,1727.6,3063.9,0.0,230.2,1536.8,1540.6,2448.1,1231.6,2800.6,1727.6,1520.2,1081.2,1453.9,3191.2,2198.2,1399.7,2502.0,2400.9,1731.2,2524.6,1010.6,1305.0,2825.5,1591.1,2210.2,2372.0,1771.9,1489.3,2339.1,1843.3,1223.9,1469.0,1549.5,2320.1,2438.4,2359.9,2566.7,2918.1,1381.2,2060.1,859.1,2492.7,3153.9,1267.6,1431.5,1644.9,1438.0,1462.1,2105.4,1457.6,915.4,2164.8,2308.2,265.6,2391.0,1607.7,1453.9,586.1,2731.4,2402.2,2038.4,2411.0,1448.6,2622.8
Pharmacie du Faubourg,1417.8,3105.2,2467.2,1350.2,1208.0,932.3,1438.4,1537.8,1724.7,1090.9,42.0,1999.5,87.9,1964.6,1090.2,922.5,1135.0,3281.6,3099.5,948.9,2764.5,1701.0,3037.3,257.3,0.0,1747.8,1514.0,2360.3,1205.0,2774.0,1701.0,1493.6,1309.4,1427.3,3103.4,2455.5,1650.4,2475.4,2611.9,1704.6,2644.1,1267.9,1278.4,2945.0,1564.5,2183.6,2629.3,1745.3,1700.3,2312.5,1816.7,1197.3,1587.3,1522.9,2293.5,2411.8,2333.3,2540.1,2901.5,1354.6,1972.3,1116.4,2466.1,3066.1,1241.0,1404.9,1618.3,1419.4,1712.8,2017.6,1431.0,888.8,2138.2,2281.6,74.0,2364.4,1748.6,1427.3,559.5,2704.8,2375.6,2011.8,2384.4,1699.3,2596.2
Pharmacie de La Vallée du Morin,2600.0,4700.6,2086.6,1024.8,942.7,2469.3,1830.2,2216.6,3328.1,1038.0,1747.1,702.8,1660.1,3424.5,1109.5,2517.9,695.3,2852.1,4694.9,2544.3,4224.4,2379.8,4497.2,1543.3,1705.1,0.0,2784.6,3955.7,2361.8,4233.9,2379.8,3030.6,1253.2,2307.3,4698.8,2095.4,1571.7,3935.3,1116.6,3164.5,2421.8,1048.2,2714.9,2722.7,2393.7,3002.3,1903.9,2424.1,321.6,3772.4,2564.7,2734.3,1236.7,2755.2,3753.4,3669.9,2274.7,2538.6,2815.3,2731.8,3567.7,1063.5,2572.1,4661.5,2778.0,2587.1,2397.5,1811.2,1429.5,3613.0,2109.8,2425.8,3340.5,3391.9,1773.2,3824.3,1779.7,2307.3,2096.5,4158.0,2720.5,2928.4,3301.0,1620.6,4056.1
Pharmacie Des Saisons de Meaux,509.5,2324.1,2277.8,2205.5,1944.6,648.0,1172.8,773.0,1791.1,1927.6,1506.4,2816.2,1447.3,774.1,1976.9,1284.5,2457.4,2855.5,2318.4,1276.4,1574.0,595.1,1846.8,1533.4,1492.3,2842.8,0.0,1579.2,608.6,1583.5,595.1,679.8,1589.9,970.5,2324.0,2052.4,1761.5,1284.9,3178.2,514.1,2187.3,2004.5,345.5,2488.2,880.3,856.0,3053.8,671.5,2904.8,1122.0,923.6,507.4,2934.6,232.7,1103.0,1084.2,1876.5,2083.3,2444.7,420.3,1191.2,1953.1,2009.3,2285.0,546.2,496.6,1161.5,1154.9,2012.7,1919.4,834.6,660.8,810.6,954.0,1527.7,1173.9,1645.4,970.5,1109.9,1514.3,1918.8,1555.0,1927.6,1929.2,1405.7
Pharmacie Delahaye et Servais,1904.0,744.9,3738.2,3526.1,3383.9,1845.1,2633.2,2264.0,1121.2,3266.8,2294.8,4205.3,2309.2,1437.4,3266.1,1471.7,3340.8,4315.9,739.2,1463.6,1645.1,2086.1,1164.1,2433.2,2348.1,3953.6,1583.7,0.0,2069.0,826.5,2086.1,1515.8,3050.3,2430.9,744.8,3512.8,3221.9,1410.7,4638.6,1560.6,3647.7,3443.8,1707.1,3948.6,2371.3,2316.4,4514.2,2162.5,3906.1,1223.6,2414.6,1650.1,3796.5,1769.9,1304.7,1807.5,3336.9,3543.7,3905.1,1807.4,388.4,3292.3,3469.7,705.8,1714.2,1891.1,2621.9,2615.3,3473.1,691.6,2295.0,1857.9,2271.0,2168.6,2304.4,1153.5,3105.8,2430.9,2307.0,1585.4,3379.2,3015.4,3388.0,3389.6,1531.5
Pharmacie de Quincy-Voisins,403.3,2777.8,1897.8,1725.3,1464.4,774.8,619.5,388.1,2008.4,1447.4,1190.4,2336.0,1131.3,1227.8,1496.7,1501.8,2141.4,2475.5,2772.1,1493.7,2027.7,551.3,2300.5,1217.4,1176.3,2362.6,587.9,2032.9,0.0,2037.2,551.3,897.1,1109.7,590.5,2777.7,1672.4,1281.3,1738.6,2798.2,967.8,1807.3,1524.3,518.2,2108.2,565.2,1173.8,2673.8,595.6,2424.6,1575.7,736.2,634.2,2618.6,558.5,1556.7,1473.2,1496.5,1703.3,2064.7,535.1,1644.9,1472.9,1629.3,2738.7,671.4,390.4,781.5,601.6,1532.5,2136.7,281.3,787.6,1199.6,1343.0,1211.7,1627.6,1092.1,590.5,897.3,1961.3,1538.8,1175.0,1547.6,1467.3,1859.4
Pharmacie du Haudouin,1965.7,843.7,3799.9,3727.6,3466.7,1971.8,2694.9,2325.7,1895.4,3449.7,2811.1,4338.3,2771.1,992.7,3499.0,1988.0,3781.2,4377.6,928.6,1979.9,976.1,2147.8,477.2,2857.2,2816.1,4364.9,1645.4,785.7,2130.7,0.0,2147.8,1775.7,3112.0,2492.6,976.2,3574.5,3283.6,741.7,4700.3,1266.1,3709.4,3526.6,1801.7,4010.3,2433.0,1909.5,4575.9,2224.2,4346.5,859.9,2409.1,1776.8,4258.4,1831.6,758.7,1138.5,3398.6,3112.8,3941.3,1876.5,904.7,3475.2,2982.9,937.2,1840.9,1952.8,2683.6,2677.0,3534.8,1465.8,2356.7,1984.6,1622.8,1499.6,2820.7,484.5,3167.5,2492.6,2433.7,916.4,2892.4,2528.6,2797.2,3451.3,862.5
Pharmacie de la Gare,898.9,2806.7,1962.9,1784.9,1524.0,1061.4,673.3,247.5,2273.7,1507.0,1665.5,2395.6,1606.4,1256.7,1556.3,1767.1,2201.3,2540.6,2801.0,1759.0,1979.2,0.0,2329.4,1692.5,1651.4,2422.2,596.6,2061.8,596.8,2066.1,0.0,1162.4,1169.3,573.0,2806.6,1737.5,1340.9,1767.5,2863.3,996.7,1872.4,1583.9,758.9,2173.3,354.8,724.2,2738.9,146.0,2484.2,1604.6,398.1,920.8,2746.3,551.1,1585.6,1441.0,1561.6,1768.4,2129.8,833.7,1673.8,1532.5,1721.3,2767.6,959.6,886.0,834.3,655.4,1592.1,2402.0,314.0,1074.2,1062.4,1190.3,1686.8,1656.5,1145.9,573.0,1372.4,1895.5,1630.8,1267.0,1639.6,1521.1,1888.3
Pharmacie Desabres,783.8,2248.6,2690.5,2565.6,2304.7,593.1,1532.9,1301.5,1111.3,2287.7,1427.8,3176.3,1410.4,962.2,2329.4,604.7,2420.5,3268.2,2242.9,596.6,1771.3,1181.6,2044.1,1496.5,1455.4,3033.3,679.2,1503.7,968.7,1780.8,1181.6,0.0,1950.0,1383.2,2248.5,2465.1,2121.6,1482.2,3590.9,711.4,2600.0,2364.6,500.9,2900.9,1466.8,1406.1,3466.5,1258.0,2985.8,1268.7,1510.1,443.9,2897.7,799.1,1300.3,1504.2,2289.2,2496.0,2857.4,601.2,1115.7,2313.2,2422.0,2209.5,508.0,770.9,1574.2,1515.0,2372.8,1239.6,1194.7,623.9,1360.7,1504.1,1437.4,1371.2,2005.5,1383.2,1073.0,1711.6,2331.5,1967.7,2340.3,2336.0,1603.0
Pharmacie De Mouroux,1346.8,3721.3,1507.2,615.6,354.7,1514.5,577.0,963.4,2670.2,337.7,1267.9,1226.3,1208.8,2171.3,387.0,1860.0,1032.0,2321.6,3715.6,1886.4,2971.2,1126.6,3244.0,1100.5,1253.8,1252.9,1531.4,2976.4,1108.6,2980.7,1126.6,1840.6,0.0,1054.1,3721.2,1495.5,452.4,2682.1,1828.4,1911.3,1821.9,414.6,1461.7,2122.8,1140.5,1749.1,1776.0,1170.9,1314.9,2519.2,1311.5,1577.7,1577.0,1502.0,2500.2,2416.7,1645.2,1870.6,2215.4,1478.6,2588.4,363.2,1919.4,3682.2,1614.9,1333.9,1144.3,558.0,514.8,2955.1,856.6,1471.0,2087.3,2138.7,1289.2,2571.1,526.5,1054.1,1356.6,2904.8,2039.0,1675.2,2047.8,501.3,2802.9
Ma Pharmacie de Bailly,807.9,3152.5,1620.1,1655.5,1394.6,1179.4,543.9,423.2,2413.0,1377.6,1347.5,2266.2,1288.4,1602.5,1426.9,1773.0,2071.9,2197.8,3146.8,1799.4,2288.3,515.6,2675.2,1374.5,1333.4,2292.8,942.4,2407.6,595.1,2411.9,515.6,1301.7,1039.9,0.0,3152.4,1394.7,1211.5,2113.3,2520.5,1342.5,1529.6,1454.5,922.8,1830.5,292.4,1051.4,2396.1,559.9,2354.8,1950.4,559.3,1038.8,2616.9,913.0,1931.4,1827.7,1218.8,1425.6,1787.0,939.7,2019.6,1403.1,1406.4,3113.4,1076.0,795.0,423.1,526.0,1462.7,2541.3,357.9,1192.2,1389.6,1415.6,1368.8,2002.3,1016.5,0.0,1054.4,2204.6,1315.9,952.1,1324.7,1276.0,2234.1
Pharmacie Principale,2649.8,174.9,4484.0,4271.9,4129.7,2590.9,3379.0,3009.8,1867.0,4012.6,3040.6,4951.1,3055.0,1822.7,4011.9,2217.5,4086.6,5061.7,115.9,2209.4,1806.1,2831.9,1180.0,3179.0,3093.9,4699.4,2329.5,745.8,2814.8,1025.2,2831.9,2261.6,3796.1,3176.7,0.0,4258.6,3967.7,1571.7,5384.4,2096.1,4393.5,4189.6,2452.9,4694.4,3117.1,2739.5,5260.0,2908.3,4651.9,1689.9,3160.4,2395.9,4542.3,2515.7,1588.7,1968.5,4082.7,3942.8,4650.9,2553.2,1134.2,4038.1,3812.9,39.0,2460.0,2636.9,3367.7,3361.1,4218.9,1374.7,3040.8,2603.7,2452.8,2329.6,3050.2,1314.5,3851.6,3176.7,3052.8,1746.4,3722.4,3358.6,3627.2,4135.4,1692.5
Pharmacie Godart,1877.4,4222.0,483.1,1732.1,1336.7,2248.9,1362.0,1509.9,3482.5,1432.0,2417.0,1628.2,2357.9,2672.0,1503.5,2842.5,2148.5,1231.7,4216.3,2868.9,3253.0,1673.1,3744.7,2260.2,2402.9,2117.1,2011.9,3477.1,1664.6,3481.4,1673.1,2371.2,1517.9,1385.5,4221.9,0.0,1333.3,3182.8,1444.5,2412.0,563.6,1442.2,1992.3,864.5,1624.6,2295.6,1342.6,1717.4,2158.4,3019.9,1818.6,2108.3,2693.5,1982.5,3000.9,2897.2,232.4,723.8,957.1,2009.2,3089.1,1457.5,757.3,4182.9,2145.5,1864.5,1089.6,1368.8,1196.0,3610.8,1435.0,2261.7,2588.8,2380.3,2438.3,3071.8,1375.8,1385.5,2123.9,3169.3,905.7,1392.6,1569.0,1238.5,3303.6
Pharmacie du Moulin,1520.9,3895.4,1318.6,932.9,672.0,1737.9,751.1,1137.5,3020.1,655.0,1617.8,1543.6,1558.7,2345.4,704.3,2209.9,1349.3,2133.0,3889.7,2236.3,3145.3,1300.7,3418.1,1417.8,1603.7,1570.2,1705.5,3150.5,1282.7,3154.8,1300.7,2014.7,450.4,1228.2,3895.3,1306.9,0.0,2856.2,2074.5,2085.4,1633.3,731.9,1635.8,1934.2,1314.6,1923.2,1950.1,1345.0,1632.2,2693.3,1485.6,1751.8,1894.3,1676.1,2674.3,2590.8,1414.0,1639.4,2026.8,1652.7,2762.5,680.5,1688.2,3856.3,1789.0,1508.0,1234.1,732.1,537.9,3254.3,1030.7,1719.1,2261.4,2312.8,1639.1,2745.2,528.7,1228.2,1706.5,3078.9,1836.6,1849.3,2221.9,270.1,2977.0
Pharmacie Quer,1584.1,1437.7,3418.3,3346.0,3085.1,1590.2,2313.3,1944.1,2366.5,3068.1,2448.6,3956.7,2389.5,614.7,3117.4,1859.9,3399.6,3972.8,1522.6,1851.8,297.6,1766.2,1045.2,2475.6,2434.5,3983.3,1263.8,1379.7,1749.1,680.0,1766.2,1472.1,2730.4,2111.0,1570.2,3192.9,2902.0,0.0,4318.7,884.5,3327.8,3145.0,1420.1,3628.7,2051.4,1470.2,4194.3,1842.6,3964.9,817.0,1975.6,1395.2,3876.8,1450.0,715.8,479.6,3017.0,2679.3,3507.8,1494.9,1525.5,3093.6,2549.4,1531.2,1459.3,1571.2,2302.0,2295.4,3153.2,2059.8,1975.1,1603.0,1099.1,1066.1,2469.9,474.2,2785.9,2111.0,2052.1,358.1,2458.9,2095.1,2363.7,3069.7,363.0
Pharmacie de Beton-Bazoches,2991.8,5336.4,1319.5,1767.9,1525.6,3242.8,2413.1,2624.3,4193.6,1620.9,2612.6,636.8,2525.6,3786.4,1692.4,3383.4,1556.2,2085.0,5330.7,3409.8,4372.3,2787.5,4859.1,2408.8,2570.6,1111.7,3126.3,4591.5,2779.0,4595.8,2787.5,3485.6,1836.1,2499.9,5336.3,1436.0,2046.4,4297.2,0.0,3526.4,1762.4,1631.1,3106.7,2059.9,2739.0,3410.0,945.8,2831.8,945.6,4134.3,2933.0,3222.7,1912.1,3096.9,4115.3,4011.6,1579.2,1843.1,2119.9,3123.6,4203.5,1646.4,1876.6,5297.3,3259.9,2978.9,2204.0,2394.1,1867.9,4478.5,2549.4,3199.3,3708.1,3499.6,2638.7,4186.2,2088.4,2499.9,2962.0,4288.6,2025.0,2511.9,2688.3,1951.6,4418.0
Pharmacie Saint Georges,832.5,1967.0,2666.7,2594.4,2333.5,838.6,1561.7,1192.5,1831.8,2316.5,1697.0,3205.1,1637.9,399.9,2365.8,1325.2,2648.0,3244.4,2051.9,1317.1,1199.8,1014.6,1472.6,1724.0,1682.9,3231.7,512.2,1559.4,997.5,1209.3,1014.6,720.5,1978.8,1359.4,2099.5,2441.3,2150.4,910.7,3567.1,0.0,2576.2,2393.4,668.5,2877.1,1299.8,1209.4,3442.7,1091.0,3213.3,747.8,1343.1,643.6,3125.2,698.4,728.8,896.3,2265.4,2472.2,2833.6,743.3,1171.4,2342.0,2398.2,2060.5,707.7,819.6,1550.4,1543.8,2401.6,1960.1,1223.5,851.4,1164.0,1307.4,1718.3,799.7,2034.3,1359.4,1300.5,1140.1,2307.7,1943.9,2316.5,2318.1,1031.5
Pharmacie Darras,2011.1,4355.7,773.2,2014.5,1619.1,2382.6,1495.7,1643.6,3616.2,1714.4,2550.7,1918.3,2491.6,2805.7,1785.9,2976.2,2430.9,735.0,4350.0,3002.6,3355.2,1806.8,3878.4,2542.6,2536.6,2399.5,2145.6,3610.8,1798.3,3615.1,1806.8,2504.9,1800.3,1519.2,4355.6,527.1,1615.7,3309.6,1734.6,2545.7,0.0,1724.6,2126.0,367.7,1758.3,2429.3,1632.7,1851.1,2448.5,3153.6,1952.3,2242.0,2975.9,2116.2,3134.6,3030.9,414.3,826.0,460.3,2142.9,3222.8,1739.9,859.5,4316.6,2279.2,1998.2,1223.3,1502.5,1478.4,3744.5,1568.7,2395.4,2691.0,2482.5,2572.0,3205.5,1551.4,1519.2,2257.6,3271.5,1007.9,1494.8,1671.2,1509.8,3437.3
Pharmacie d'Ile-de-France,1814.2,4188.7,1409.3,552.3,148.7,1874.1,1044.4,1430.8,2868.0,252.2,1291.8,1021.7,1232.7,2638.7,323.7,2057.8,968.7,2223.7,4183.0,2084.2,3438.6,1594.0,3711.4,1080.4,1277.7,1048.3,1998.8,3443.8,1576.0,3448.1,1594.0,2308.0,467.4,1521.5,4188.6,1397.6,785.9,3149.5,1623.8,2378.7,1724.0,0.0,1929.1,2024.9,1607.9,2216.5,1571.4,1638.3,1110.3,2986.6,1778.9,2045.1,1513.7,1969.4,2967.6,2884.1,1576.9,1840.8,2117.5,1946.0,3055.8,277.7,1874.3,4149.6,2082.3,1801.3,1611.7,1025.4,731.7,3152.9,1324.0,1830.6,2554.7,2606.1,1313.1,3038.5,993.9,1521.5,1633.6,3372.2,2022.7,2142.6,2515.2,834.8,3270.3
Pharmacie du Faubourg,413.3,2484.5,2320.0,2195.1,1934.2,413.1,1162.4,931.0,1646.7,1917.2,1271.5,2805.8,1212.4,959.4,1966.5,1140.1,2222.5,2897.7,2478.8,1132.0,1759.3,835.2,2032.1,1298.5,1257.4,2832.4,366.0,1739.6,598.2,1768.8,835.2,535.4,1579.5,1012.7,2484.4,2094.6,1751.1,1470.2,3220.4,699.4,2229.5,1994.1,0.0,2530.4,1108.1,1035.6,3096.0,911.6,2787.8,1307.3,1163.7,272.5,2699.7,428.6,1288.3,1263.8,1918.7,2125.5,2486.9,272.3,1351.6,1942.7,2051.5,2445.4,336.6,400.4,1203.7,1144.5,2002.3,1775.0,824.2,425.9,990.2,1133.6,1292.8,1359.2,1635.0,1012.7,875.0,1699.6,1961.0,1597.2,1969.8,1965.5,1591.0
Pharmacie Branger,2296.5,4641.1,939.9,2299.9,1904.5,2668.0,1781.1,1929.0,3901.6,1999.8,2836.1,2203.7,2777.0,3091.1,2071.3,3261.6,2716.3,665.3,4635.4,3288.0,3640.6,2092.2,4163.8,2828.0,2822.0,2684.9,2431.0,3896.2,2083.7,3900.5,2092.2,2790.3,2085.7,1804.6,4641.0,812.5,1901.1,3595.0,2020.0,2831.1,372.1,2010.0,2411.4,0.0,2043.7,2714.7,1918.1,2136.5,2733.9,3439.0,2237.7,2527.4,3261.3,2401.6,3420.0,3316.3,699.7,1111.4,421.6,2428.3,3508.2,2025.3,1144.9,4602.0,2564.6,2283.6,1508.7,1787.9,1763.8,4029.9,1854.1,2680.8,2976.4,2767.9,2857.4,3490.9,1836.8,1804.6,2543.0,3556.9,1293.3,1780.2,1956.6,1795.2,3722.7
Pharmacie de Magny,919.0,3068.3,1868.2,1756.1,1495.2,1290.5,644.5,198.7,2524.1,1478.2,1574.0,2366.8,1514.9,1518.3,1527.5,1999.5,2172.5,2445.9,3062.6,2009.4,2089.1,298.3,2591.0,1601.0,1559.9,2393.4,858.2,2323.4,568.0,2327.7,298.3,1412.8,1140.5,295.3,3068.2,1642.8,1312.1,2029.1,2768.6,1258.3,1777.7,1555.1,1020.5,2078.6,0.0,834.1,2644.2,342.6,2455.4,1866.2,342.0,1149.9,2717.5,812.7,1847.2,1702.6,1466.9,1548.4,2035.1,1050.8,1935.4,1503.7,1466.9,3029.2,1187.1,906.1,653.4,626.6,1563.3,2652.4,285.2,1303.3,1172.3,1286.5,1595.3,1918.1,1117.1,295.3,1280.9,2005.4,1376.4,1012.6,1385.2,1492.3,2149.9
Pharmacie Peda,1132.5,2449.3,2548.4,2370.4,2109.5,1271.0,1258.8,833.0,2500.0,2092.5,2129.4,2981.1,2070.3,1410.6,2141.8,1993.4,2786.8,3126.1,2534.2,1985.3,1334.9,691.6,2056.8,2156.4,2115.3,3007.7,822.9,2288.1,1182.3,1691.6,691.6,1388.7,1754.8,1158.5,2581.8,2323.0,1926.4,1289.3,3448.8,1181.6,2457.9,2169.4,968.5,2758.8,940.3,0.0,3324.4,580.9,3069.7,1765.4,933.0,1130.4,3331.8,916.9,1727.4,1042.7,2147.1,1841.2,2669.7,1043.3,1900.1,2118.0,1711.3,2542.8,1169.2,1119.6,1419.8,1240.9,2177.6,2628.3,899.5,1283.8,393.3,466.2,2150.7,1485.8,1731.4,1158.5,1732.9,1251.2,1620.8,1257.0,1525.6,2106.6,1458.0
Pharmacie Potellet-Collard,2889.0,5233.6,1257.7,1709.1,1466.8,3184.0,2354.3,2521.5,4177.9,1562.1,2601.7,1215.2,2542.6,3683.6,1633.6,3367.7,2125.5,1866.1,5227.9,3394.1,4310.5,2684.7,4756.3,2390.3,2587.6,1907.4,3023.5,4488.7,2676.2,4493.0,2684.7,3382.8,1777.3,2397.1,5233.5,1374.2,1943.6,4194.4,946.3,3423.6,1700.6,1572.3,3003.9,1998.1,2636.2,3307.2,0.0,2729.0,1745.4,4031.5,2830.2,3119.9,2670.5,2994.1,4012.5,3908.8,1517.4,1781.3,2058.1,3020.8,4100.7,1587.6,1814.8,5194.5,3157.1,2876.1,2101.2,2335.3,1765.1,4462.8,2446.6,3140.5,3635.2,3437.8,2623.0,4083.4,1985.6,2397.1,2943.5,4226.8,1963.2,2450.1,2626.5,1848.8,4315.2
Pharmacie Avicenne,952.4,2880.7,1967.5,1789.5,1528.6,1135.4,677.9,252.1,2347.7,1511.6,1670.1,2400.2,1611.0,1330.7,1560.9,1841.1,2205.9,2545.2,2875.0,1833.0,1833.2,110.7,2403.4,1697.1,1656.0,2426.8,670.6,2135.8,601.4,2140.1,110.7,1236.4,1173.9,577.6,2880.6,1742.1,1345.5,1787.6,2867.9,1070.7,1877.0,1588.5,832.9,2177.9,359.4,578.2,2743.5,0.0,2488.8,1678.6,389.6,994.8,2750.9,625.1,1659.6,1475.8,1566.2,1773.0,2134.4,907.7,1747.8,1537.1,1725.9,2841.6,1033.6,939.5,838.9,660.0,1596.7,2476.0,318.6,1148.2,916.4,1044.3,1691.4,1730.5,1150.5,577.6,1377.0,1749.5,1635.4,1271.6,1644.2,1525.7,1962.3
PHARMACIE DU CŒUR DE LA BRIE,2674.0,4628.4,2038.2,952.6,1016.7,2397.1,1904.2,2290.6,3255.9,1112.0,1674.9,551.2,1587.9,3429.4,1183.5,2445.7,623.1,2803.7,4622.7,2472.1,4229.3,2453.8,4502.1,1471.1,1632.9,325.0,2858.6,3883.5,2435.8,4238.8,2453.8,2958.4,1327.2,2381.3,4626.6,2154.7,1645.7,3940.2,959.7,3169.4,2481.1,1122.2,2743.2,2778.6,2467.7,3076.3,1755.4,2498.1,0.0,3777.3,2638.7,2662.1,966.5,2829.2,3758.3,3743.9,2297.9,2561.8,2838.6,2805.8,3495.5,1137.5,2595.3,4589.3,2705.8,2661.1,2471.5,1885.2,1503.5,3540.8,2183.8,2353.6,3414.5,3465.9,1701.0,3829.2,1853.7,2381.3,2024.3,4169.6,2743.7,3002.4,3375.0,1694.6,4061.0
PHARMACIE DE LA POSTE,1445.2,1540.8,3279.4,3207.1,2946.2,1451.3,2174.4,1805.2,2065.2,2929.2,2309.7,3817.8,2250.6,472.2,2978.5,1598.5,3260.7,3857.1,1625.7,1590.4,1097.3,1627.3,1046.4,2336.7,2295.6,3844.4,1124.9,1205.0,1610.2,783.1,1627.3,1275.4,2591.5,1972.1,1673.3,3054.0,2763.1,818.5,4179.8,745.6,3188.9,3006.1,1281.2,3489.8,1912.5,1791.5,4055.4,1703.7,3826.0,0.0,1955.8,1256.3,3737.9,1311.1,129.9,1118.6,2878.1,3084.9,3446.3,1356.0,1067.8,2954.7,3010.9,1634.3,1320.4,1432.3,2163.1,2156.5,3014.3,1885.1,1836.2,1464.1,1744.0,1620.8,2331.0,373.5,2647.0,1972.1,1913.2,1037.6,2920.4,2556.6,2918.4,2930.8,914.9
Pharmacie de Chessy,1085.1,3026.3,2045.4,1922.2,1661.3,1384.3,810.6,364.8,2596.6,1644.3,1802.8,2532.9,1743.7,1579.6,1693.6,2090.0,2338.6,2623.1,3111.2,2081.9,1911.9,359.6,2633.8,1829.8,1788.7,2559.5,919.5,2384.7,734.1,2268.6,359.6,1485.3,1306.6,570.3,3129.5,1820.0,1478.2,1866.3,2945.8,1319.6,1954.9,1721.2,1081.8,2255.8,352.1,679.1,2821.4,393.9,2621.5,1927.5,0.0,1243.7,2883.6,874.0,1908.5,1641.9,1644.1,1662.0,2212.3,1156.6,1996.7,1669.8,1545.9,3090.5,1282.5,1072.2,767.0,792.7,1729.4,2724.9,451.3,1397.1,1017.3,1039.2,1824.1,1979.4,1283.2,570.3,1509.7,1828.2,1455.4,1091.6,1407.3,1658.4,2035.0
Pharmacie de la Verriere SELAS,550.1,2383.1,2456.8,2279.5,2018.6,304.0,1299.2,1067.8,1545.3,2001.6,1162.4,2890.2,1103.3,896.9,2022.3,1038.7,2113.4,3034.5,2377.4,1030.6,1696.8,969.1,1969.6,1189.4,1148.3,2726.2,499.9,1638.2,735.0,1706.3,969.1,434.0,1716.3,1149.5,2383.0,2231.4,1887.9,1407.7,3357.2,636.9,2366.3,2078.5,264.3,2667.2,1244.9,1169.5,3232.8,1045.5,2678.7,1244.8,1297.6,0.0,2590.6,562.5,1225.8,1397.7,2055.5,2262.3,2623.7,209.5,1250.2,2027.1,2188.3,2344.0,114.3,537.2,1340.5,1281.3,2139.1,1673.6,961.0,316.8,1124.1,1267.5,1183.7,1296.7,1771.8,1149.5,765.9,1637.1,2097.8,1734.0,2106.6,2102.3,1528.5
PHARMACIE LEFEBVRE TOULET KAREN,2821.1,4540.1,2648.8,953.4,1389.6,2335.6,2145.5,2531.9,3167.6,1272.5,1586.6,1482.1,1499.6,3367.9,1298.9,2357.4,617.6,3463.2,4534.4,2383.8,4167.8,2695.1,4440.6,1471.9,1544.6,1238.7,2917.3,3795.2,2608.3,4177.3,2695.1,2896.9,1568.5,2622.6,4538.3,2637.1,1887.0,3878.7,1917.4,3107.9,2963.5,1449.5,2681.7,3264.4,2709.0,3317.6,2666.7,2739.4,994.7,3715.8,2880.0,2600.6,0.0,2926.2,3696.8,3815.1,2816.4,3080.3,3357.0,2757.9,3407.2,1298.0,3113.8,4501.0,2644.3,2808.2,2712.8,2126.5,1949.4,3452.5,2425.1,2292.1,3541.5,3684.9,1612.7,3767.7,2095.0,2622.6,1962.8,4108.1,3262.2,3243.7,3616.3,1935.9,3999.5
PHARMACIE DU PARC,547.2,2507.0,2289.3,2217.0,1956.1,685.7,1165.0,739.2,1919.3,1939.1,1544.1,2827.7,1485.0,957.0,1988.4,1412.7,2495.1,2867.0,2501.3,1404.6,1756.9,561.3,2029.7,1571.1,1530.0,2854.3,239.9,1762.1,620.1,1766.4,561.3,808.0,1601.4,982.0,2506.9,2063.9,1773.0,1467.8,3189.7,697.0,2198.8,2016.0,383.2,2499.7,846.5,980.9,3065.3,637.7,2916.3,1304.9,889.8,545.1,2972.3,0.0,1285.9,1209.1,1888.0,2094.8,2456.2,458.0,1374.1,1964.6,2020.8,2467.9,583.9,534.3,1173.0,1147.1,2024.2,2047.6,805.7,698.5,935.5,1078.9,1565.4,1356.8,1637.6,982.0,1147.6,1697.2,1930.3,1566.5,1939.1,1940.7,1588.6
Pharmacie Parapharmacie des Sources,1424.1,1438.1,3258.3,3186.0,2925.1,1430.2,2153.3,1784.1,2156.5,2908.1,2288.6,3796.7,2229.5,451.1,2957.4,1689.8,3239.6,3836.0,1523.0,1681.7,994.6,1606.2,943.7,2315.6,2274.5,3823.3,1103.8,1296.3,1589.1,680.4,1606.2,1312.1,2570.4,1951.0,1570.6,3032.9,2742.0,760.2,4158.7,724.5,3167.8,2985.0,1260.1,3468.7,1891.4,1770.4,4034.3,1682.6,3804.9,133.9,1934.7,1235.2,3716.8,1290.0,0.0,1106.2,2857.0,3063.8,3425.2,1334.9,1159.1,2933.6,2989.8,1531.6,1299.3,1411.2,2142.0,2135.4,2993.2,1976.4,1815.1,1443.0,1641.3,1518.1,2309.9,270.8,2625.9,1951.0,1892.1,934.9,2899.3,2535.5,2815.7,2909.7,812.2
PHARMACIE DE JUILLY,1394.7,1815.1,3157.3,3085.0,2824.1,1533.2,2052.3,1671.8,2543.8,2807.1,2391.6,3695.7,2332.5,792.0,2856.4,2037.2,3342.6,3735.0,1900.0,2029.1,585.6,1493.9,1422.6,2418.6,2377.5,3722.3,1085.1,1757.1,1488.1,1057.4,1493.9,1522.3,2469.4,1850.0,1947.6,2931.9,2641.0,454.8,4057.7,907.5,3066.8,2884.0,1230.7,3367.7,1779.1,1164.9,3933.3,1484.4,3784.3,1125.9,1822.4,1392.6,3819.8,1179.1,1093.2,0.0,2756.0,2702.5,3324.2,1305.5,1842.4,2832.6,2572.6,1908.6,1431.4,1381.8,2041.0,2034.4,2892.2,2437.2,1714.1,1546.0,793.8,937.2,2412.9,851.6,2524.9,1850.0,1995.1,512.0,2482.1,2118.3,2386.9,2808.7,803.5
Pharmacie du Breon,1709.5,4054.1,638.8,1887.8,1492.4,2081.0,1194.1,1342.0,3314.6,1587.7,2249.1,1783.9,2190.0,2504.1,1659.2,2674.6,2304.2,1094.3,4048.4,2701.0,3020.6,1505.2,3576.8,2276.1,2235.0,2272.8,1844.0,3309.2,1496.7,3313.5,1505.2,2203.3,1640.3,1217.6,4054.0,235.0,1410.6,2975.0,1600.2,2244.1,426.1,1597.9,1824.4,727.0,1456.7,2127.7,1498.3,1549.5,2314.1,2852.0,1650.7,1940.4,2849.2,1814.6,2833.0,2729.3,0.0,491.4,819.6,1841.3,2921.2,1613.2,524.9,4015.0,1977.6,1696.6,921.7,1200.9,1351.7,3442.9,1267.1,2093.8,2356.4,2147.9,2270.4,2903.9,1231.8,1217.6,1956.0,2936.9,673.3,1160.2,1336.6,1190.2,3135.7
Pharmacie du Centre,1900.6,3801.9,930.3,2214.1,1818.7,2272.1,1405.4,1553.3,3505.7,1914.0,2440.2,2075.4,2381.1,2695.2,1985.5,2865.7,2630.5,1529.7,3886.8,2892.1,2687.5,1716.5,3409.4,2467.2,2426.1,2599.1,2035.1,3500.3,1687.8,3044.2,1716.5,2394.4,1827.7,1417.0,3934.4,719.8,1598.0,2641.9,1891.7,2435.2,861.5,1924.2,2015.5,1162.4,1530.7,1806.1,1789.8,1760.8,2605.6,3043.1,1648.2,2131.5,3175.5,2005.7,3024.1,2675.7,529.0,0.0,1119.6,2032.4,3112.3,1939.5,186.2,3895.4,2168.7,1887.7,1071.0,1412.2,1678.0,3634.0,1478.4,2284.9,2023.3,1814.8,2461.5,2838.4,1419.2,1417.0,2147.1,2603.8,370.2,827.1,1033.5,1377.6,2810.6
La Pharmacie de Guignes,2264.5,4583.1,993.6,2424.2,2028.8,2636.0,1749.1,1897.0,3869.6,2124.1,2804.1,2297.8,2745.0,3059.1,2195.6,3229.6,2840.6,465.0,4603.4,3256.0,3468.7,2060.2,4131.8,2831.1,2790.0,2809.2,2399.0,3864.2,2051.7,3825.4,2060.2,2758.3,2210.0,1772.6,4609.0,936.8,2025.4,3423.1,2114.1,2799.1,455.7,2134.3,2379.4,353.0,2011.7,2587.3,2012.2,2104.5,2828.0,3407.0,2205.7,2495.4,3385.6,2369.6,3388.0,3284.3,824.0,1080.8,0.0,2396.3,3476.2,2149.6,1114.3,4570.0,2532.6,2251.6,1476.7,1755.9,1888.1,3997.9,1822.1,2648.8,2804.5,2596.0,2825.4,3458.9,1930.3,1772.6,2511.0,3385.0,1173.2,1608.3,1810.2,1888.7,3591.8
Pharmacie de la Pierre Collinet,493.2,2511.2,2399.9,2275.0,2014.1,439.8,1242.3,1010.9,1673.4,1997.1,1298.2,2885.7,1239.1,1025.0,2046.4,1166.8,2249.2,2977.6,2505.5,1158.7,1824.9,920.2,2097.7,1325.2,1284.1,2862.0,451.0,1766.3,678.1,1834.4,920.2,562.1,1659.4,1092.6,2511.1,2174.5,1831.0,1535.8,3300.3,765.0,2309.4,2074.0,211.5,2610.3,1188.0,1120.6,3175.9,996.6,2814.5,1372.9,1248.7,207.8,2726.4,513.6,1353.9,1348.8,1998.6,2205.4,2566.8,0.0,1378.3,2022.6,2131.4,2472.1,234.6,480.3,1283.6,1224.4,2082.2,1801.7,904.1,452.6,1075.2,1218.6,1319.5,1424.8,1714.9,1092.6,901.7,1765.2,2040.9,1677.1,2049.7,2045.4,1656.6
Pharmacie de Acy en Multien,1515.6,1132.9,3349.8,3137.7,2995.5,1456.7,2244.8,1875.6,1011.3,2878.4,1906.4,3816.9,1920.8,1093.2,2877.7,1083.3,2952.4,3927.5,1127.2,1075.2,1826.1,1697.7,1304.0,2044.8,1959.7,3565.2,1195.3,388.0,1680.6,922.0,1697.7,1127.4,2661.9,2042.5,1132.8,3124.4,2833.5,1591.7,4250.2,1172.2,3259.3,3055.4,1318.7,3560.2,1982.9,1928.0,4125.8,1774.1,3517.7,1089.0,2026.2,1261.7,3408.1,1381.5,1170.1,1833.9,2948.5,3155.3,3516.7,1419.0,0.0,2903.9,3081.3,1093.8,1325.8,1502.7,2233.5,2226.9,3084.7,872.2,1906.6,1469.5,1882.6,2026.0,1916.0,1334.5,2717.4,2042.5,1918.6,1766.4,2990.8,2627.0,2999.6,3001.2,1712.5
Pharmacie Centrale Noël,1683.3,4025.4,1411.7,337.2,152.5,1743.2,913.5,1299.9,2652.9,35.4,1076.7,1024.1,1017.6,2507.8,108.6,1842.7,753.6,2226.1,4019.7,1869.1,3307.7,1463.1,3580.5,865.3,1062.6,1050.7,1867.9,3280.5,1445.1,3317.2,1463.1,2177.1,336.5,1390.6,4023.6,1400.0,655.0,3018.6,1626.2,2247.8,1726.4,212.4,1798.2,2027.3,1477.0,2085.6,1573.8,1507.4,1112.7,2855.7,1648.0,1914.2,1298.6,1838.5,2836.7,2753.2,1579.3,1843.2,2119.9,1815.1,2892.5,0.0,1876.7,3986.3,1951.4,1670.4,1480.8,894.5,717.4,2937.8,1193.1,1699.7,2423.8,2475.2,1098.0,2907.6,863.0,1390.6,1418.5,3241.3,2025.1,2011.7,2384.3,703.9,3139.4
PHARMACIE PRINCIPALE,1832.5,3615.7,946.1,2229.9,1834.5,2204.0,1467.1,1598.5,3437.6,1929.8,2372.1,2091.2,2313.0,2627.1,2001.3,2797.6,2646.3,1545.5,3700.6,2824.0,2501.3,1671.1,3223.2,2399.1,2358.0,2614.9,1967.0,3432.2,1619.7,2858.0,1671.1,2326.3,1946.4,1417.2,3748.2,735.6,1716.7,2455.7,1907.5,2367.1,877.3,1940.0,1947.4,1178.2,1462.6,1619.9,1805.6,1715.4,2621.4,2975.0,1527.3,2063.4,3191.3,1937.6,2893.8,2489.5,544.8,129.9,1135.4,1964.3,3044.2,1955.3,0.0,3709.2,2100.6,1819.6,1179.7,1473.9,1693.8,3565.9,1491.7,2216.8,1837.1,1628.6,2393.4,2652.2,1537.9,1417.2,2079.0,2417.6,246.3,640.9,957.6,1496.3,2624.4
Pharmacie des Remparts,2610.8,135.9,4445.0,4232.9,4090.7,2551.9,3340.0,2970.8,1828.0,3973.6,3001.6,4912.1,3016.0,1783.7,3972.9,2178.5,4047.6,5022.7,76.9,2170.4,1767.1,2792.9,1141.0,3140.0,3054.9,4660.4,2290.5,706.8,2775.8,986.2,2792.9,2222.6,3757.1,3137.7,39.0,4219.6,3928.7,1532.7,5345.4,2057.1,4354.5,4150.6,2413.9,4655.4,3078.1,2700.5,5221.0,2869.3,4612.9,1650.9,3121.4,2356.9,4503.3,2476.7,1549.7,1929.5,4043.7,3903.8,4611.9,2514.2,1095.2,3999.1,3773.9,0.0,2421.0,2597.9,3328.7,3322.1,4179.9,1351.8,3001.8,2564.7,2413.8,2290.6,3011.2,1275.5,3812.6,3137.7,3013.8,1707.4,3683.4,3319.6,3588.2,4096.4,1653.5
Pharmacie Beauval,585.5,2440.0,2492.2,2317.1,2056.2,341.6,1334.6,1103.2,1602.2,2039.2,1200.0,2927.8,1140.9,953.8,2059.9,1095.6,2151.0,3069.9,2434.3,1087.5,1753.7,998.1,2026.5,1227.0,1185.9,2763.8,528.9,1695.1,770.4,1763.2,998.1,490.9,1751.7,1184.9,2439.9,2266.8,1923.3,1464.6,3392.6,693.8,2401.7,2116.1,293.3,2702.6,1280.3,1198.5,3268.2,1074.5,2716.3,1301.7,1326.6,96.7,2628.2,591.5,1282.7,1426.7,2090.9,2297.7,2659.1,238.5,1307.1,2064.7,2223.7,2400.9,0.0,572.6,1375.9,1316.7,2174.5,1730.5,996.4,354.4,1153.1,1296.5,1221.3,1353.6,1807.2,1184.9,803.5,1694.0,2133.2,1769.4,2142.0,2137.7,1585.4
Pharmacie principale de Mareuil - Elsie Santé,40.0,2615.7,2132.9,2008.0,1747.1,612.7,975.3,743.9,1846.3,1730.1,1425.5,2618.7,1366.4,1065.7,1779.4,1339.7,2376.5,2710.6,2610.0,1331.6,1865.6,836.3,2138.4,1452.5,1411.4,2645.3,472.3,1870.8,411.1,1875.1,836.3,735.0,1392.4,825.6,2615.6,1907.5,1564.0,1576.5,3033.3,805.7,2042.4,1807.0,356.1,2343.3,921.0,1141.9,2908.9,912.7,2707.3,1413.6,1092.0,472.1,2853.7,534.9,1394.6,1370.1,1731.6,1938.4,2299.8,373.0,1482.8,1755.6,1864.4,2576.6,509.3,0.0,1016.6,957.4,1815.2,1974.6,637.1,625.5,1096.5,1239.9,1446.8,1465.5,1447.9,825.6,1074.6,1805.9,1773.9,1410.1,1782.7,1778.4,1697.3
Pharmacie Vauchier,1001.5,3346.1,1317.0,1719.5,1458.6,1373.0,619.4,626.4,2606.6,1441.6,1541.1,2330.2,1482.0,1796.1,1490.9,1966.6,2135.9,1894.7,3340.4,1993.0,2276.3,789.6,2868.8,1568.1,1527.0,2356.8,1136.0,2601.2,788.7,2605.5,789.6,1495.3,1103.9,432.4,3346.0,1091.6,1230.4,2230.7,2217.4,1536.1,1226.5,1518.5,1116.4,1527.4,653.1,1311.0,2093.0,833.9,2418.8,2144.0,785.0,1232.4,2680.9,1106.6,2125.0,2021.3,915.7,1108.5,1483.9,1133.3,2213.2,1467.1,1147.9,3307.0,1269.6,988.6,0.0,626.2,1432.6,2734.9,551.5,1385.8,1612.1,1403.6,1562.4,2195.9,1051.6,432.4,1248.0,2192.6,1107.5,766.5,1131.0,1010.0,2399.4
PHARMACIE DU BEFFROI,951.3,3325.8,1567.9,1166.9,906.0,1322.8,17.9,448.2,2556.4,889.0,1386.6,1777.6,1327.5,1775.8,938.3,1978.7,1583.3,2145.6,3320.1,2005.1,2496.2,611.4,2848.5,1406.5,1372.5,1804.2,1135.9,2580.9,600.3,2585.2,611.4,1445.1,551.3,538.9,3325.7,1342.5,722.9,2286.6,2379.7,1515.8,1477.4,965.9,1066.2,1778.3,625.3,1233.9,2327.3,655.7,1866.2,2123.7,796.3,1182.2,2128.3,1106.5,2104.7,2015.7,1166.6,1373.4,1734.8,1083.1,2192.9,914.5,1406.9,3286.7,1219.4,938.4,585.2,0.0,974.1,2684.7,341.4,1335.6,1572.1,1623.5,1407.9,2175.6,527.9,538.9,1268.0,2412.5,1523.8,1160.0,1532.6,903.1,2407.4
Pharmacie Beaujean Dominique,1774.5,4149.0,1180.8,992.5,651.1,1924.0,1004.7,1391.1,3079.7,714.6,1677.4,1404.9,1618.3,2599.0,763.9,2269.5,1408.9,1995.2,4143.3,2295.9,3398.9,1554.3,3671.7,1477.4,1663.3,1431.5,1959.1,3404.1,1536.3,3408.4,1554.3,2268.3,510.0,1481.8,4148.9,1169.1,519.8,3109.8,1891.1,2339.0,1495.5,756.6,1889.4,1796.4,1568.2,2176.8,1766.7,1598.6,1493.5,2946.9,1739.2,2005.4,1953.9,1929.7,2927.9,2844.4,1348.4,1612.3,1889.0,1906.3,3016.1,740.1,1645.8,4109.9,2042.6,1761.6,1453.1,985.7,0.0,3364.6,1284.3,1880.5,2515.0,2566.4,1698.7,2998.8,807.8,1481.8,1766.1,3332.5,1794.2,2102.9,2457.5,489.1,3230.6
Pharmacie Rombaux,2009.1,1450.7,3915.8,3169.4,3027.2,1818.4,2758.2,2526.8,643.6,2910.1,1938.1,3848.6,1952.5,1900.0,2909.4,1115.0,2984.1,4493.5,1408.8,1106.9,2345.6,2406.9,1864.6,2076.5,1991.4,3596.9,1904.5,705.8,2194.0,1527.0,2406.9,1225.3,2952.9,2608.5,1380.0,3690.4,3293.9,2111.2,4461.0,1936.7,3825.3,3087.1,1726.2,4126.2,2692.1,2631.4,4448.5,2483.3,3549.4,1924.1,2735.4,1669.2,3439.8,2024.4,2005.2,2508.0,3514.5,3721.3,4082.7,1826.5,1040.5,2935.6,3647.3,1353.7,1733.3,1996.2,2799.5,2740.3,3356.3,0.0,2420.0,1849.2,2586.0,2729.4,1947.7,1854.0,3230.8,2608.5,2027.6,2285.9,3556.8,3193.0,3565.6,3342.8,2232.0
Pharmacie Khin de St Germain sur Morin,633.8,3008.3,1686.1,1470.9,1210.0,1005.3,359.3,106.8,2238.9,1193.0,1388.7,2081.6,1329.6,1458.3,1242.3,1732.3,1887.3,2263.8,3002.6,1724.2,2147.5,270.0,2531.0,1415.7,1374.6,2108.2,818.4,2263.4,282.8,2267.7,270.0,1127.6,855.3,366.5,3008.2,1460.7,1026.9,1969.1,2586.5,1198.3,1595.6,1269.9,748.7,1896.5,283.9,892.5,2462.1,314.3,2170.2,1806.2,454.9,864.7,2432.3,784.4,1787.2,1674.3,1284.8,1491.6,1853.0,765.6,1875.4,1218.5,1523.8,2969.2,901.9,620.9,557.5,341.4,1278.1,2367.2,0.0,1018.1,1230.7,1358.6,1410.0,1858.1,831.9,366.5,1095.6,2063.8,1433.3,1069.5,1442.1,1207.1,2089.9
Pharmacie ROSSET,672.5,2562.0,2579.2,1962.7,1701.8,43.5,1421.6,1190.2,1688.7,1684.8,845.6,2573.4,786.5,1075.8,1705.5,878.5,1796.6,3156.9,2556.3,904.9,1875.7,1094.4,2148.5,872.6,831.5,2409.4,625.2,1817.1,857.4,1885.2,1094.4,604.8,1458.5,1271.9,2561.9,2353.8,1735.7,1586.6,3175.5,815.8,2488.7,1761.7,389.6,2789.6,1367.3,1294.8,3123.1,1170.8,2361.9,1423.7,1422.9,308.5,2273.8,687.8,1404.7,1523.0,2177.9,2384.7,2746.1,465.8,1429.1,1710.3,2310.7,2522.9,352.2,659.6,1462.9,1403.7,1861.9,1831.9,1083.4,0.0,1249.4,1392.8,866.9,1475.6,1771.5,1271.9,449.1,1816.0,2220.2,1856.4,2229.0,1848.4,1707.4
Pharmacie Centrale de Claye,1191.1,2140.8,2712.0,2797.8,2536.9,1329.6,1686.2,1260.4,2558.6,2519.9,2188.0,3408.5,2128.9,1338.3,2569.2,2052.0,3139.0,3226.6,2225.7,2043.9,1026.4,1119.0,1748.3,2215.0,2173.9,3435.1,881.5,2082.8,1284.5,1383.1,1119.0,1447.3,2182.2,1585.9,2273.3,2501.5,2353.8,980.8,3673.4,1240.2,2643.2,2596.8,1027.1,2944.1,1367.7,498.7,3571.5,1008.3,3497.1,1520.1,1229.4,1189.0,3616.2,975.5,1418.9,848.1,2310.7,1933.1,2761.6,1101.9,1958.7,2545.4,1803.2,2234.3,1227.8,1178.2,1577.0,1668.3,2605.0,2686.9,1326.9,1342.4,0.0,143.4,2209.3,1177.3,2158.8,1585.9,1791.5,942.7,1712.7,1348.9,1617.5,2534.0,1149.5
Pharmacie De Mauperthuis,1237.9,2108.1,2568.6,2796.7,2535.8,1376.4,1685.1,1307.2,2605.4,2518.8,2234.8,3407.4,2175.7,1305.6,2568.1,2098.8,3185.8,3083.2,2193.0,2090.7,993.7,1165.8,1715.6,2261.8,2220.7,3434.0,928.3,2050.1,1331.3,1350.4,1165.8,1494.1,2181.1,1485.7,2240.6,2358.1,2352.7,948.1,3530.0,1287.0,2499.8,2595.7,1073.9,2800.7,1336.9,545.5,3428.1,1055.1,3496.0,1487.4,1086.0,1235.8,3663.0,1022.3,1386.2,887.4,2167.3,1789.7,2618.2,1148.7,2005.5,2544.3,1659.8,2201.6,1274.6,1225.0,1433.6,1667.2,2603.9,2730.2,1373.7,1389.2,208.5,0.0,2256.1,1144.6,2157.7,1485.7,1838.3,910.0,1569.3,1205.5,1474.1,2405.0,1116.8
Pharmacie de l'Hotel de Ville,1450.1,3081.7,2499.5,1382.5,1240.3,964.6,1470.7,1570.1,1681.3,1123.2,31.1,2032.9,121.3,1996.9,1122.5,899.0,1168.4,3313.9,3076.0,925.4,2796.8,1733.3,3069.6,289.6,84.4,1781.2,1546.3,2336.8,1237.3,2806.3,1733.3,1481.5,1341.7,1459.6,3079.9,2487.8,1682.7,2507.7,2645.3,1736.9,2676.4,1300.2,1310.7,2977.3,1596.8,2215.9,2661.6,1777.6,1733.7,2344.8,1849.0,1229.6,1620.7,1555.2,2325.8,2444.1,2365.6,2572.4,2933.8,1386.9,1948.8,1148.7,2498.4,3042.6,1273.3,1437.2,1650.6,1451.7,1745.1,1994.1,1463.3,921.1,2170.5,2313.9,0.0,2396.7,1780.9,1459.6,591.8,2737.1,2407.9,2044.1,2416.7,1731.6,2628.5
Pharmacie Blassel,1495.2,1175.5,3329.4,3257.1,2996.2,1501.3,2224.4,1855.2,2227.2,2979.2,2359.7,3867.8,2300.6,522.2,3028.5,1767.4,3310.7,3907.1,1260.4,1759.3,740.8,1677.3,681.1,2386.7,2345.6,3894.4,1174.9,1117.5,1660.2,417.8,1677.3,1383.2,2641.5,2022.1,1308.0,3104.0,2813.1,506.4,4229.8,795.6,3238.9,3056.1,1331.2,3539.8,1962.5,1674.2,4105.4,1753.7,3876.0,389.4,2005.8,1306.3,3787.9,1361.1,288.2,903.2,2928.1,2877.5,3496.3,1406.0,1263.3,3004.7,2747.6,1269.0,1370.4,1482.3,2213.1,2206.5,3064.3,1797.6,1886.2,1514.1,1387.5,1264.3,2381.0,0.0,2697.0,2022.1,1963.2,681.1,2657.1,2293.3,2561.9,2980.8,582.5
Pharmacie Parisot,1443.6,3818.1,1359.6,1137.0,876.1,1773.9,554.1,940.5,3048.7,859.1,1710.2,1747.7,1651.1,2268.1,908.4,2302.3,1553.4,2174.0,3812.4,2328.7,2988.5,1103.7,3340.8,1621.9,1696.1,1774.3,1628.2,3073.2,1092.6,3077.5,1103.7,1937.4,521.4,1031.2,3818.0,1347.9,526.3,2778.9,2117.0,2008.1,1571.8,936.0,1558.5,1872.7,1117.6,1726.2,1992.6,1148.0,1836.3,2616.0,1288.6,1674.5,2098.4,1598.8,2597.0,2508.0,1233.9,1459.3,1948.3,1575.4,2685.2,884.6,1508.1,3779.0,1711.7,1430.7,1054.0,535.1,797.1,3177.0,833.7,1755.1,2064.4,2115.8,1731.5,2667.9,0.0,1031.2,1760.3,2904.8,1656.5,1652.3,2024.9,375.2,2899.7
Pharmacie du Golf à Bailly-romainvilliers,807.9,3152.5,1620.1,1655.5,1394.6,1179.4,543.9,423.2,2413.0,1377.6,1347.5,2266.2,1288.4,1602.5,1426.9,1773.0,2071.9,2197.8,3146.8,1799.4,2288.3,515.6,2675.2,1374.5,1333.4,2292.8,942.4,2407.6,595.1,2411.9,515.6,1301.7,1039.9,0.0,3152.4,1394.7,1211.5,2113.3,2520.5,1342.5,1529.6,1454.5,922.8,1830.5,292.4,1051.4,2396.1,559.9,2354.8,1950.4,559.3,1038.8,2616.9,913.0,1931.4,1827.7,1218.8,1425.6,1787.0,939.7,2019.6,1403.1,1406.4,3113.4,1076.0,795.0,423.1,526.0,1462.7,2541.3,357.9,1192.2,1389.6,1415.6,1368.8,2002.3,1016.5,0.0,1054.4,2204.6,1315.9,952.1,1324.7,1276.0,2234.1
Pharmacie de Saint-Jean - Mr et Mme Poisson,1001.8,2891.3,2363.9,1705.2,1563.0,372.8,1292.4,1167.1,1821.0,1445.9,585.3,2400.8,526.2,1405.1,1445.2,1010.8,1536.3,2941.6,2885.6,1037.2,2205.0,1330.3,2477.8,612.3,571.2,2149.1,954.5,2146.4,834.3,2214.5,1330.3,934.1,1416.6,1056.6,2891.2,2138.5,1757.6,1915.9,3013.2,1145.1,2273.4,1622.9,718.9,2574.3,1193.8,1624.1,2984.3,1374.6,2101.6,1753.0,1446.0,637.8,2013.5,1017.1,1734.0,1852.3,1962.6,2169.4,2530.8,795.1,1758.4,1471.4,2095.4,2852.2,681.5,988.9,1247.6,1274.5,1820.0,2105.9,1060.3,329.3,1578.7,1722.1,606.6,1804.9,1765.0,1056.6,0.0,2145.3,2004.9,1641.1,2013.7,1806.5,2036.7
Pharmacie de St Mard Elsie,1761.5,1594.6,3392.0,3523.4,3262.5,1767.6,2490.7,2121.5,2543.9,3245.5,2626.0,4134.1,2566.9,792.1,3294.8,2037.3,3577.0,3906.6,1679.5,2029.2,365.1,1943.6,1202.1,2653.0,2611.9,4160.7,1441.2,1536.6,1926.5,836.9,1943.6,1649.5,2907.8,2288.4,1727.1,3181.5,3079.4,319.5,4353.4,1061.9,3323.2,3322.4,1597.5,3624.1,2160.3,1409.8,4251.5,1919.4,4142.3,973.9,1909.4,1572.6,4054.2,1627.4,872.7,503.5,2990.7,2613.1,3441.6,1672.3,1682.4,3271.0,2483.2,1688.1,1636.7,1748.6,2257.0,2472.8,3330.6,2216.7,2152.5,1780.4,1123.0,999.9,2647.3,631.1,2963.3,2288.4,2229.5,0.0,2392.7,2028.9,2297.5,3228.4,603.3
Pharmacie Victor Hugo,1743.5,3526.7,1122.5,2406.3,2010.9,2115.0,1489.7,1509.5,3348.6,2106.2,2283.1,2267.6,2224.0,2538.1,2177.7,2708.6,2822.7,1637.1,3611.6,2735.0,2412.3,1582.1,3134.2,2310.1,2269.0,2791.3,1878.0,3343.2,1530.7,2769.0,1582.1,2237.3,1985.7,1328.2,3659.2,912.0,1893.1,2366.7,2083.9,2278.1,1053.7,2116.4,1858.4,1354.6,1373.6,1530.9,1982.0,1626.4,2797.8,2886.0,1438.3,1974.4,3367.7,1848.6,2804.8,2400.5,721.2,373.9,1172.1,1875.3,2955.2,2131.7,244.0,3620.2,2011.6,1730.6,1091.0,1471.8,1870.2,3476.9,1402.7,2127.8,1748.1,1539.6,2304.4,2563.2,1714.3,1328.2,1990.0,2328.6,0.0,551.9,748.8,1672.7,2535.4
Pharmacie de Pontcarré,1386.7,3169.9,1549.6,2244.5,1983.6,1758.2,1132.9,1152.7,2991.8,1966.6,1926.3,2694.7,1867.2,2181.3,2015.9,2351.8,2660.9,2064.2,3254.8,2378.2,2055.5,1225.3,2777.4,1953.3,1912.2,2881.8,1521.2,2986.4,1173.9,2412.2,1225.3,1880.5,1628.9,971.4,3302.4,1339.1,1800.5,2009.9,2511.0,1921.3,1480.8,2043.5,1501.6,1781.7,1016.8,1174.1,2409.1,1269.6,2943.8,2529.2,1081.5,1617.6,3205.9,1491.8,2448.0,2043.7,1148.3,770.7,1599.2,1518.5,2598.4,1992.1,640.8,3263.4,1654.8,1373.8,757.7,1115.0,2051.7,3120.1,1045.9,1771.0,1391.3,1182.8,1947.6,2206.4,1605.5,971.4,1633.2,1971.8,550.3,0.0,488.4,1729.1,2178.6
Pharmacie De La Gare,1709.6,3407.3,1767.5,2567.4,2306.5,2081.1,1455.8,1475.6,3314.7,2289.5,2249.2,2912.6,2190.1,2504.2,2338.8,2674.7,2983.8,2320.2,3492.2,2701.1,2292.9,1548.2,3014.8,2276.2,2235.1,3204.7,1844.1,3309.3,1496.8,2649.6,1548.2,2203.4,1951.8,1294.3,3539.8,1557.0,2123.4,2247.3,2728.9,2244.2,1698.7,2366.4,1824.5,1999.6,1339.7,1411.5,2627.0,1592.5,3266.7,2786.6,1322.7,1940.5,3528.8,1814.7,2685.4,2281.1,1366.2,1038.8,1855.2,1841.4,2921.3,2315.0,990.8,3500.8,1977.7,1696.7,1122.1,1437.9,2374.6,3443.0,1368.8,2093.9,1628.7,1420.2,2270.5,2443.8,1928.4,1294.3,1956.1,2209.2,827.7,485.0,0.0,2093.5,2416.0
Pharmacie des Ormes,1733.8,4108.3,1227.4,989.1,728.2,1920.6,929.1,1315.5,3076.3,711.2,1674.0,1599.8,1614.9,2558.3,760.5,2266.1,1405.5,2041.8,4102.6,2292.5,3238.7,1478.7,3631.0,1474.0,1659.9,1626.4,1898.8,3363.4,1467.6,3367.7,1478.7,2227.6,506.6,1313.3,4108.2,1215.7,263.0,3069.1,1983.3,2298.3,1536.2,788.1,1848.7,1837.1,1492.6,2101.2,1858.9,1523.0,1688.4,2906.2,1663.6,1964.7,1950.5,1869.4,2887.2,2784.1,1198.3,1423.7,1912.7,1865.6,2975.4,736.7,1472.5,4069.2,2001.9,1720.9,1018.4,910.1,479.1,3361.2,1208.7,1877.1,2439.4,2366.0,1695.3,2958.1,375.0,1313.3,1762.7,3155.0,1620.9,1729.8,2094.3,0.0,3189.9
Grande Pharmacie Du centre,1722.9,1576.5,3557.1,3484.8,3223.9,1729.0,2452.1,2082.9,2505.3,3206.9,2587.4,4095.5,2528.3,753.5,3256.2,1998.7,3538.4,4111.6,1661.4,1990.6,595.5,1905.0,993.6,2614.4,2573.3,4122.1,1402.6,1518.5,1887.9,818.8,1905.0,1610.9,2869.2,2249.8,1709.0,3331.7,3040.8,392.3,4457.5,1023.3,3466.6,3283.8,1558.9,3767.5,2190.2,1614.8,4333.1,1981.4,4103.7,927.6,2114.4,1534.0,4015.6,1588.8,826.4,832.7,3155.8,2818.1,3646.6,1633.7,1664.3,3232.4,2688.2,1670.0,1598.1,1710.0,2440.8,2434.2,3292.0,2198.6,2113.9,1741.8,1328.1,1204.9,2608.7,584.8,2924.7,2249.8,2190.9,621.7,2597.7,2233.9,2502.5,3208.5,0.0
Pharmacie des Saints Pères nanteuil les meaux,286.0,2610.9,2192.7,1961.5,1700.6,607.9,1035.1,803.7,1841.5,1683.6,1466.3,2572.2,1407.2,1060.9,1732.9,1334.9,2377.9,2770.4,2605.2,1326.8,1860.8,896.1,2133.6,1493.3,1452.2,2598.8,467.5,1866.0,470.9,1870.3,896.1,730.2,1345.9,885.4,2610.8,1967.3,1517.5,1571.7,3093.1,800.9,2102.2,1760.5,351.3,2403.1,980.8,1137.1,2968.7,972.5,2660.8,1408.8,1151.8,467.3,2894.5,530.1,1389.8,1365.3,1791.4,1998.2,2359.6,368.2,1478.0,1709.1,1924.2,2571.8,504.5,273.1,1076.4,1017.2,1768.7,1969.8,696.9,620.7,1091.7,1235.1,1487.6,1460.7,1507.7,885.4,1069.8,1801.1,1833.7,1469.9,1842.5,1731.9,1692.5