,Départ entrepôt Cerp,Pharmacie du Valois,Pharmacie Lepesme,Pharmacie de Boissy,Pharmacie wellpharma Principale,Pharmacie de l'Église,PHARMACIE DU MARCHÉ,Pharmacie de l'Olivier,Pharmacie de l'Ourcq,Pharmacie du Pont de la Ville,Pharmacie Des Pelletiers,Pharmacie de l'Eglise,Pharmacie de Condé,Aprium Pharmacie St Soupplets,Pharmacie Des Templiers,Pharmacie Forum Santé du Canal,Pharmacie Forum Santé de Rebais SELAS,Pharmacie de la Mairie,Pharmacie Lefeuvre-Garriot,Pharmacie du Pays de l'Ourcq,PHARMACIE RATSIMBAZAFY,Pharmacie Lcce -Pharmacie du centre,Pharmacie Dufour,Pharmacie de Jouarre,Pharmacie du Faubourg,Pharmacie de La Vallée du Morin,Pharmacie Des Saisons de Meaux,Pharmacie Delahaye et Servais,Pharmacie de Quincy-Voisins,Pharmacie du Haudouin,Pharmacie de la Gare,Pharmacie Desabres,Pharmacie De Mouroux,Ma Pharmacie de Bailly,Pharmacie Principale,Pharmacie Godart,Pharmacie du Moulin,Pharmacie Quer,Pharmacie de Beton-Bazoches,Pharmacie Saint Georges,Pharmacie Darras,Pharmacie d'Ile-de-France,Pharmacie du Faubourg,Pharmacie Branger,Pharmacie de Magny,Pharmacie Peda,Pharmacie Potellet-Collard,Pharmacie Avicenne,PHARMACIE DU CŒUR DE LA BRIE,PHARMACIE DE LA POSTE,Pharmacie de Chessy,Pharmacie de la Verriere SELAS,PHARMACIE LEFEBVRE TOULET KAREN,PHARMACIE DU PARC,Pharmacie Parapharmacie des Sources,PHARMACIE DE JUILLY,Pharmacie du Breon,Pharmacie du Centre,La Pharmacie de Guignes,Pharmacie de la Pierre Collinet,Pharmacie de Acy en Multien,Pharmacie Centrale Noël,PHARMACIE PRINCIPALE,Pharmacie des Remparts,Pharmacie Beauval,Pharmacie principale de Mareuil - Elsie Santé,Pharmacie Vauchier,PHARMACIE DU BEFFROI,Pharmacie Beaujean Dominique,Pharmacie Rombaux,Pharmacie Khin de St Germain sur Morin,Pharmacie ROSSET,Pharmacie Centrale de Claye,Pharmacie De Mauperthuis,Pharmacie de l'Hotel de Ville,Pharmacie Blassel,Pharmacie Parisot,Pharmacie du Golf à Bailly-romainvilliers,Pharmacie de Saint-Jean - Mr et Mme Poisson,Pharmacie de St Mard Elsie,Pharmacie Victor Hugo,Pharmacie de Pontcarré,Pharmacie De La Gare,Pharmacie des Ormes,Grande Pharmacie Du centre,Pharmacie des Saints Pères nanteuil les meaux
Départ entrepôt Cerp,0.0,39439.1,39604.0,31630.7,26942.8,7599.3,13019.2,9336.5,25325.9,26440.6,27687.9,38221.7,27165.0,14574.8,27057.2,18903.3,41204.1,44351.6,39626.7,18434.2,27660.7,13477.8,31675.0,28667.1,27778.6,42117.3,4997.9,28951.1,4791.1,29123.4,13477.8,9619.4,21119.6,14575.9,39658.5,31606.1,21267.5,23611.3,52859.2,10779.8,35896.6,26958.9,3424.7,38998.0,11987.6,18440.1,52487.0,14550.0,43754.5,19169.4,14884.9,5318.8,50618.8,5076.1,19976.3,19150.2,30473.0,35545.4,39884.3,3892.8,22725.6,26510.0,36211.4,39378.8,5224.6,277.1,17707.8,12831.3,24715.1,29019.1,7654.9,7836.1,17880.6,19327.7,27780.9,21507.2,19690.1,14575.9,15650.7,26348.3,35164.6,27766.7,35876.2,24222.1,25898.5,2005.6
Pharmacie du Valois,39492.8,0.0,80108.7,65745.6,62164.6,40023.8,53813.8,47617.8,25205.0,60821.0,44318.7,71416.9,44911.0,27564.7,60497.7,31439.2,60126.4,84856.3,1300.1,30970.2,29418.4,45109.8,18132.1,46846.6,44690.9,68685.1,36261.9,10450.5,45585.7,12743.5,45109.8,32974.1,61914.2,55080.7,1331.9,72110.8,62062.0,25522.4,93364.0,31570.1,76401.4,62180.6,37746.2,79502.7,49583.5,47918.9,92991.7,46182.0,70505.4,24707.0,60469.3,37400.2,68364.8,38286.3,23599.5,31016.3,70977.7,72151.5,86973.6,38934.3,16676.0,60890.5,70798.4,1052.2,37980.5,39363.8,58212.5,53625.9,65509.7,20905.4,48449.5,40260.6,41632.3,41297.8,44272.2,20011.0,60484.6,55080.7,48075.2,28105.9,69751.5,62353.6,66472.8,68386.6,27809.6,39465.5
Pharmacie Lepesme,37993.5,78538.1,0.0,26647.9,20255.9,44557.1,26870.9,30209.0,62283.7,21313.6,38366.0,24038.7,37843.1,53673.8,22074.4,57636.1,33529.1,11985.9,78725.7,57929.7,65311.8,32642.4,70774.0,35152.4,38456.6,35528.9,43123.8,68050.1,34995.9,68222.4,32642.4,46577.3,22356.3,28005.1,78757.5,6342.8,18421.8,64903.2,21765.5,49878.8,11527.0,20781.2,40382.6,11736.3,31090.8,41479.0,21752.9,33142.7,32005.1,58268.4,34109.8,42276.6,42084.5,41364.2,59075.3,56351.3,9768.8,16957.5,14017.8,40850.6,61824.6,21383.0,17496.5,78477.8,42182.4,37864.5,22638.7,27175.9,16227.1,65976.9,28948.0,44793.9,49532.0,47525.2,38459.0,60606.2,20649.9,28005.1,47374.7,63575.9,21067.0,28585.7,33171.3,17637.0,64997.5,37791.3
Pharmacie de Boissy,31200.3,65533.9,25606.3,0.0,6823.1,29865.0,20313.4,27034.6,43229.0,5479.6,22038.2,13699.7,21515.3,44739.4,5746.6,34526.7,6881.2,37118.1,65721.5,34820.3,57825.3,29468.0,61839.6,18824.6,22128.9,15439.9,36626.3,55045.9,28136.7,59288.0,29468.0,39784.0,10508.3,27127.1,66700.9,26670.4,13038.5,53775.9,20347.6,40944.4,31854.6,6839.2,33589.3,34955.9,29685.8,38304.6,28532.3,29968.3,17260.2,49333.9,32583.0,35483.3,15436.6,34866.7,50140.8,49853.8,30361.5,37550.3,37612.9,34057.4,48820.5,5549.0,38089.2,65473.6,35389.2,31071.3,29143.6,20199.8,14769.3,51330.4,25353.1,29422.4,43865.1,54465.6,22131.2,51671.8,17482.2,27127.1,28349.8,54782.7,41659.7,42696.6,50806.2,15146.1,56063.1,29099.7
Pharmacie wellpharma Principale,26532.1,64935.6,19238.2,6828.4,0.0,25196.9,15645.3,22366.5,39737.3,1494.1,18546.5,11733.8,18023.6,40071.3,2254.9,31035.0,13709.6,30750.0,65123.1,31328.6,53157.2,24799.9,57171.5,15332.9,18637.2,15629.4,31958.2,54447.5,23468.5,54619.9,24799.9,35115.9,5840.1,22459.0,65154.9,20302.3,8370.4,49107.8,18381.8,36276.3,25486.4,961.7,28921.2,28587.8,25017.6,33636.5,26566.4,25300.2,17266.6,44665.8,27914.9,30815.2,22265.0,30198.6,45472.7,45185.7,23993.4,31182.1,31244.7,29389.2,48222.1,1563.5,31721.0,64875.3,30721.0,26403.1,24475.5,15531.7,7463.4,47838.7,20685.0,24754.3,39197.0,49797.5,18639.5,47003.7,12814.1,22459.0,24858.1,50114.5,35291.5,38028.5,46138.1,10478.0,51395.0,24431.6
Pharmacie de l'Église,7560.9,39340.2,46282.8,31239.4,26551.6,0.0,19698.0,16015.3,24220.7,26049.3,15816.1,37830.4,15293.3,15624.0,30446.5,13233.5,29332.4,51030.4,39527.8,13527.1,28710.0,15664.7,32724.2,16795.4,15906.8,37891.1,7350.6,28852.2,11469.9,30172.6,15664.7,8514.3,22495.1,21254.7,39559.6,38284.9,21330.3,24660.6,44478.3,11829.1,42575.4,26567.6,4765.3,45676.8,18666.4,20792.7,52663.0,16736.9,39711.4,20218.6,20923.0,3221.5,38747.1,7428.8,21025.5,21502.9,37151.8,42224.2,46563.2,4755.6,22626.7,26118.7,42890.3,39279.9,2987.6,7431.9,24386.6,19510.1,27370.4,27913.9,14333.7,1830.1,20233.2,21680.3,15909.1,22556.5,26368.9,21254.7,9644.7,27397.5,41843.4,34445.5,42555.1,27747.2,26947.7,7533.6
PHARMACIE DU MARCHÉ,13528.9,51932.3,28153.2,20198.4,15510.6,20092.5,0.0,7526.6,37819.1,15008.3,21330.4,26789.4,20807.6,27068.0,15624.9,29992.0,27079.6,32900.8,52119.9,30285.5,52744.1,9959.9,44168.2,20024.9,21421.1,30685.1,18954.9,41444.3,8639.1,41616.6,9959.9,22112.6,9687.4,7619.1,52151.7,20155.3,9835.2,36104.5,33437.4,23273.0,24445.8,15526.7,15917.9,27547.2,10177.7,18796.5,41622.0,10460.2,32322.2,31662.6,13075.0,17812.0,35635.0,17195.3,32469.5,28459.4,19022.2,24094.6,28433.6,16386.0,35218.8,15077.8,24633.6,51872.0,17717.8,13399.9,8867.5,430.6,13282.9,41512.3,5845.0,20329.3,24357.1,34957.5,21423.5,34000.4,7143.6,7619.1,26794.2,51008.2,28204.1,23188.5,31298.1,11133.3,38391.7,13326.6
Pharmacie de l'Olivier,9618.3,47415.9,32065.3,27024.4,22336.6,16182.0,7298.7,0.0,33908.5,21834.3,30613.0,33615.4,30090.2,22551.5,22450.9,27485.9,33905.6,36812.9,47603.4,27016.9,33474.2,2667.7,39651.8,31592.3,30703.7,37511.0,12001.6,36927.8,4728.5,37100.1,2667.7,18202.1,16513.3,5449.9,47635.2,24067.4,16661.2,31588.1,45320.5,18756.6,28357.9,22352.6,12007.4,31459.2,2740.6,11504.3,44948.2,3168.0,39148.2,27146.1,5637.8,13901.4,42461.0,10142.1,27953.0,21167.2,22934.2,28006.7,32345.6,12475.4,30702.4,21903.7,28545.6,47355.5,13807.2,9489.3,10200.0,7110.8,20108.9,37601.7,1681.6,16418.8,17064.8,16360.8,30706.0,29484.0,13969.6,5449.9,26243.3,31738.3,29935.2,22537.3,30646.9,17959.2,33875.3,9416.1
Pharmacie de l'Ourcq,25488.1,25240.4,64210.0,43444.3,39863.3,20098.9,37625.2,33942.5,0.0,38519.8,22017.4,49115.6,22609.7,25016.3,38196.5,9836.0,37825.1,68957.6,25428.0,10129.6,38496.1,35498.9,33615.3,24545.3,22389.6,46383.8,26651.0,14752.4,29397.1,27213.5,35498.9,15710.0,37086.2,39181.9,25404.0,56212.1,40230.6,34446.7,59539.0,26725.9,60502.6,39879.4,22692.5,63603.9,39972.6,38719.9,65974.8,36571.1,48204.2,29109.0,40757.3,22346.4,46063.5,25356.0,30053.8,33244.9,55078.9,60151.4,64490.3,23880.6,14197.1,38589.2,60817.4,25180.1,22926.8,25359.1,42313.8,37437.3,41961.4,7847.3,32260.9,20370.0,38160.4,39607.5,21971.0,32342.6,44296.0,39181.9,25954.7,37183.7,59770.5,52372.6,60482.2,42338.3,36733.9,25460.8
Pharmacie du Pont de la Ville,25728.6,64132.1,20126.7,5796.8,1343.5,24393.4,14841.8,21563.0,38499.7,0.0,17308.9,12622.3,16786.0,39267.7,1223.3,29797.4,12678.0,31638.6,64319.6,30091.0,52353.7,23996.4,56368.0,14095.3,17399.5,16518.0,31154.7,53644.0,22665.0,53816.4,23996.4,34312.4,5036.6,21655.5,64351.4,21190.8,7566.9,48304.3,19270.3,35472.8,26375.0,1359.6,28117.7,29476.3,24214.1,32833.0,27455.0,24496.7,18155.1,43862.3,27111.4,30011.7,21233.4,29395.1,44669.2,44382.1,24881.9,32070.7,32133.3,28585.7,47418.6,418.3,32609.6,64071.8,29917.5,25599.6,23672.0,14728.2,9297.7,46601.1,19881.4,23950.8,38393.5,48994.0,17401.9,46200.2,12010.6,21655.5,23620.4,49311.0,36180.1,37225.0,45334.6,9674.5,50591.5,23628.1
Pharmacie Des Pelletiers,27814.4,44388.0,37798.7,22596.5,19015.5,14867.4,21874.7,29362.2,20843.8,17672.0,0.0,27911.1,975.9,30491.4,17348.6,13380.8,16620.6,49310.5,44575.6,13674.3,43577.4,31795.6,47591.7,3697.5,372.2,25179.3,22218.0,33900.0,24816.8,45040.0,31795.6,22330.5,20048.1,29916.7,45555.0,38862.8,23192.5,39528.0,38334.5,26696.5,51237.4,19031.6,19632.8,54338.7,33271.0,35660.2,45126.9,32295.9,26999.7,35086.0,37144.7,18089.0,24615.7,31185.1,35892.9,36370.3,45813.7,50886.2,55225.1,19623.1,27674.5,17741.4,51552.2,44327.7,17855.0,27685.4,33048.5,21761.1,24923.4,30184.5,27680.7,14424.8,35100.7,36547.8,139.9,37423.9,24952.3,29916.7,9006.9,42264.9,50505.3,43107.4,51217.0,25300.2,41815.1,27612.2
Pharmacie de l'Eglise,39649.6,78053.1,25520.0,15562.4,13553.9,38314.4,28762.8,35484.0,49313.4,14611.6,27883.6,0.0,27011.9,53188.7,15372.4,40611.1,11588.7,37023.4,78240.6,40904.6,66274.7,37917.3,70289.0,23868.6,27625.4,9343.5,45075.7,67565.0,36586.0,67737.4,37917.3,48233.4,18957.6,35576.5,78272.4,29940.1,21487.9,62225.3,7063.8,49393.8,35124.3,14079.2,42038.7,36773.7,38135.1,46754.0,20479.5,38417.7,7981.5,57783.3,41032.4,43932.7,19471.8,43316.1,58590.2,58303.1,33366.1,40554.8,39055.3,42506.7,61339.6,14681.0,41093.7,77992.7,43838.5,39520.6,37593.0,28649.2,19830.5,57414.8,33802.4,37871.8,52314.5,62915.0,28215.6,60121.2,25931.6,35576.5,33393.7,63232.0,44664.3,52183.0,56768.6,23595.5,64512.5,37549.1
Pharmacie de Condé,26838.5,44724.4,36822.8,21620.6,18039.6,13891.5,20898.8,28386.3,22419.5,16696.1,871.7,26935.2,0.0,29515.5,16372.7,13717.2,15644.7,48334.6,44912.0,14010.7,42601.5,30819.7,46615.8,2721.6,613.5,24203.4,21242.1,34236.4,23840.9,44064.1,30819.7,19430.5,19072.2,28940.8,45891.4,37886.9,22216.6,38552.1,37358.6,25720.6,50261.5,18055.6,18656.8,53362.8,32295.1,34684.3,44151.0,31320.0,26023.7,34110.1,36168.8,17113.0,23639.8,30209.2,34917.0,35394.4,44837.8,49910.3,54249.2,18647.2,28010.9,16765.5,50576.3,44664.1,16879.1,26709.5,32072.6,20785.2,23947.5,30520.9,26704.8,13448.9,34124.8,35571.8,1011.7,36448.0,23976.4,28940.8,8031.0,41289.0,49529.4,42131.5,50241.1,24324.3,40839.2,26636.3
Aprium Pharmacie St Soupplets,14616.6,27514.4,55232.5,47549.1,42861.2,16340.2,28937.6,22741.6,25523.8,42358.9,30563.0,54140.0,30040.1,0.0,42975.6,19101.1,44079.3,59980.1,29175.8,18632.1,13720.7,20233.6,17735.0,31542.2,30653.7,58035.7,11385.7,21773.9,20709.5,15183.4,20233.6,15005.0,37038.0,30204.4,28588.1,47234.6,37185.8,9671.3,68487.8,4653.2,51525.1,42877.3,12892.3,54626.5,24707.3,21419.9,68115.5,21305.8,54458.3,5229.4,25492.0,13716.6,53493.9,13410.1,6036.3,8469.5,46101.5,51173.9,55512.9,13988.6,17952.5,42428.4,51840.0,28308.4,14296.9,14487.6,33336.3,28749.7,40633.5,29216.9,23573.3,16577.0,20860.3,25600.2,30656.0,7567.2,35608.4,30204.4,24391.6,12408.3,50793.1,43395.2,51504.8,43510.4,11958.5,14589.3
Pharmacie Des Templiers,26284.1,60450.0,21023.6,5821.4,2240.4,24948.8,15397.3,22118.5,38145.1,896.9,16954.2,13519.2,16431.3,39823.2,0.0,29442.7,12702.5,32535.4,60637.5,29736.3,52909.2,24551.8,56923.4,13740.6,17044.9,17414.8,31710.1,49961.9,23220.5,54371.8,24551.8,34867.8,5592.1,22211.0,61616.9,22087.7,8122.3,48859.7,20167.2,36028.2,27271.9,2256.4,28673.1,30373.2,24769.6,33388.4,28351.8,25052.1,19052.0,44417.8,27666.9,30567.2,21257.9,29950.5,45224.7,44937.6,25778.8,32967.5,33030.1,29141.2,43736.5,966.3,33506.4,60389.6,30473.0,26155.1,24227.4,15283.6,9853.1,46246.4,20436.9,24506.2,38949.0,49549.4,17047.2,46755.6,12566.0,22211.0,23265.8,49866.5,37076.9,37780.4,45890.0,10230.0,51146.9,24183.6
Pharmacie Forum Santé du Canal,18727.8,31007.2,58011.5,35067.1,31486.1,11721.7,30535.5,27182.2,10318.1,30142.6,13640.2,40738.4,14232.5,18256.0,29819.2,0.0,29447.9,62759.1,31194.8,293.5,31735.9,28738.7,33822.6,16168.1,14012.4,38006.6,19890.8,20519.2,22636.8,27554.0,28738.7,8949.7,28708.9,32983.4,32174.2,50013.6,31853.4,27686.5,51161.8,19965.6,54304.1,31502.1,15932.3,57405.5,36337.7,31959.7,57597.5,29810.9,39826.9,22011.5,33997.0,15586.2,37686.3,18595.7,22956.2,26484.7,48880.5,53952.9,58291.9,17120.3,14293.7,30212.0,54619.0,30946.9,16166.5,18598.8,36115.3,30421.9,33584.2,16803.7,25500.7,11992.7,31400.1,32847.2,13593.7,25582.4,33613.1,32983.4,14899.7,30423.4,53572.1,46174.2,54283.8,33961.0,29973.6,18700.5
Pharmacie Forum Santé de Rebais SELAS,40528.3,59945.3,32145.2,6538.9,13362.1,27581.2,26852.4,33573.6,37640.4,12018.5,16210.6,11794.9,15338.9,43205.3,12285.5,28938.1,0.0,43657.1,60132.9,29231.6,56291.2,36006.9,60305.5,12195.5,15952.4,9063.1,34931.8,49457.3,37530.6,57753.9,36006.9,33120.2,17047.2,33666.1,61112.3,33209.3,19577.4,52241.8,22218.3,39410.3,38393.5,13378.1,32346.6,41494.9,36224.7,44843.5,35071.2,36507.2,10883.4,47799.8,39122.0,30802.8,9059.8,43898.9,48606.7,49084.1,36900.5,44089.2,44151.8,32336.9,43231.8,12088.0,44628.1,59885.0,30568.8,40399.3,35682.5,26738.8,21308.3,45741.8,31892.0,27138.6,47814.5,61004.5,16542.5,50137.7,24021.2,33666.1,21720.7,54978.8,48198.6,49235.5,57345.1,21685.1,54529.0,40326.0
Pharmacie de la Mairie,44224.6,84769.2,11978.9,38348.9,31956.9,50788.3,33101.9,36440.1,68514.8,33014.6,57975.6,34108.3,57452.8,59904.9,33775.4,63867.2,45230.1,0.0,84956.8,64160.8,70065.4,38873.5,77005.1,46853.4,58066.3,48430.5,49354.9,74281.2,41227.0,81539.4,38873.5,52808.4,34057.3,34236.2,84988.6,16048.4,30122.8,69656.9,31854.3,56109.9,9216.9,32482.2,46613.7,8065.0,37321.9,52214.8,29109.3,39373.8,42074.6,64499.5,40340.9,48507.7,53785.5,47595.3,65306.4,62582.4,14407.8,21601.0,7787.1,47081.7,68055.7,33084.0,22139.9,84708.9,48413.5,44095.6,28869.8,33407.0,27928.1,72208.0,35179.1,51025.0,54285.6,52278.8,58068.6,66837.3,32351.0,34236.2,53605.8,68329.5,26565.2,33339.4,37932.3,29338.1,73714.9,44022.4
Pharmacie Lefeuvre-Garriot,39722.8,1288.0,80338.7,65975.5,62394.6,40253.8,54043.8,47847.8,25434.9,61051.0,44548.7,71646.9,45140.9,29168.1,60727.7,31669.2,60356.4,85086.3,0.0,31200.2,31021.7,45339.8,16687.9,47076.6,44920.9,68915.1,36491.9,10680.5,45815.7,14346.9,45339.8,33204.1,62144.2,55310.6,1064.5,72340.8,62292.0,27125.7,93593.9,33173.4,76631.3,62410.6,37976.2,79732.7,49813.5,49522.2,93221.7,46412.0,70735.4,26310.3,50598.2,37630.2,68594.8,38516.3,25202.8,32619.6,71207.7,73754.8,80619.1,39164.3,16906.0,61120.5,72401.7,784.9,38210.5,39593.8,58442.5,53855.9,65739.7,19640.7,48679.5,40490.6,43235.6,42901.1,44502.2,21614.4,60714.6,55310.6,48305.2,29709.2,71354.8,63956.9,68076.1,68616.6,29412.9,39695.5
Pharmacie du Pays de l'Ourcq,18434.3,30713.7,58487.1,35542.7,31961.7,12197.3,31011.2,26888.7,12817.0,30618.2,14115.8,41214.1,14708.1,17962.5,30294.9,1236.4,29923.5,63234.7,30901.2,0.0,31442.3,28445.2,33529.1,16643.7,14488.0,38482.2,19597.3,20225.6,22343.3,27260.4,28445.2,8656.2,29184.6,33459.1,31880.6,50489.3,32329.0,27392.9,51637.4,19672.1,54779.8,31977.8,15638.7,57881.1,36813.4,31666.1,58073.2,29517.3,40302.6,21717.9,33703.5,15292.7,38161.9,18302.2,22662.7,26191.1,49356.1,54428.6,58767.5,16826.8,14000.2,30687.6,55094.6,30653.4,15873.0,18305.3,36590.9,30897.6,34059.8,16510.1,25207.1,12468.4,31106.6,32553.7,14069.4,25288.8,34088.7,33459.1,15375.3,30129.9,54047.7,46649.8,54759.4,34436.7,29680.1,18407.0
PHARMACIE RATSIMBAZAFY,27269.8,29482.5,67152.9,60202.3,55514.5,28993.5,53247.2,35394.9,38185.4,55012.2,43216.2,66793.3,42693.4,13366.1,55628.8,31762.7,56732.5,70386.1,31143.9,31293.7,0.0,32886.9,22121.9,44195.5,43306.9,70688.9,24039.0,29815.3,33362.7,17151.5,32886.9,27658.3,49691.2,42493.3,30556.2,62201.0,49839.1,2015.0,87150.0,17306.4,61754.2,55530.5,25545.5,64855.5,40577.1,23599.7,87137.4,31352.5,67111.6,15269.4,36150.1,26369.8,66147.2,26063.3,14161.9,6086.1,58021.9,47832.3,62654.4,26641.9,30166.1,55081.6,46479.2,30276.5,26950.1,27140.8,45582.3,53059.3,53286.8,40186.7,36226.5,29230.3,17313.1,16978.6,43309.3,10985.0,59918.1,42493.3,37044.9,3175.6,45432.3,38034.4,42153.6,61119.4,5539.8,27242.5
Pharmacie Lcce -Pharmacie du centre,14123.9,44799.4,34913.8,29873.0,25185.2,15394.8,10147.3,3082.9,35178.9,24682.9,33461.6,36464.0,32938.8,19935.1,25299.5,28756.3,36754.2,39661.4,44987.0,28287.3,31953.3,0.0,37035.3,34440.8,33552.3,40359.6,9385.1,34311.4,7577.1,34483.7,0.0,19472.5,19361.9,7566.3,45018.7,26915.9,19509.8,28971.6,48169.1,16140.1,31206.5,25201.2,10828.0,34307.8,5048.6,9983.4,47796.8,1647.1,41996.8,24529.6,5833.3,13114.2,45309.6,7525.6,25336.5,18550.7,25782.8,30855.3,35194.2,11924.3,28085.9,24752.3,28905.3,44739.1,13027.5,13994.9,13048.6,9959.4,22957.4,38872.1,4530.1,15631.6,15544.0,14840.0,33554.6,26867.5,16818.2,7566.3,29091.8,30217.4,27858.4,20460.5,28570.1,20807.8,31258.8,12524.9
Pharmacie Dufour,31774.4,16670.8,72390.3,64706.9,60019.0,33498.0,46095.4,39899.4,32741.9,59516.7,47720.8,71297.8,47197.9,17805.6,60133.4,34361.1,61237.0,77137.9,16664.0,33892.1,22330.5,37391.4,0.0,48700.0,47811.5,75193.5,28543.5,18070.8,37867.3,6849.1,37391.4,32162.8,54195.8,47362.3,17728.5,64392.4,54343.6,18434.6,85645.5,21811.0,68682.9,60035.1,30050.1,71784.3,41865.1,40831.1,85273.3,38463.6,71616.1,14947.8,42649.8,30874.4,70651.7,30567.9,13840.3,23928.5,63259.3,65063.7,72670.7,31146.4,19597.8,59586.2,63710.6,17448.8,31454.7,31645.4,50494.1,45907.5,57791.3,28442.3,40731.1,33734.8,34544.5,34210.0,47813.8,10251.9,52766.2,47362.3,41549.4,21018.1,62663.7,55265.8,59385.0,60668.2,15002.5,31747.1
Pharmacie de Jouarre,28479.5,46856.1,34101.2,18899.0,15318.0,15532.5,20235.4,30027.3,24551.2,13974.4,3360.3,23827.5,2837.5,31156.5,13651.1,15848.9,12537.0,45613.0,47043.7,16142.4,44242.4,32460.6,48256.7,0.0,3451.0,21095.7,22883.0,36368.1,25481.9,45705.1,32460.6,21071.4,18235.5,30581.7,48023.1,35165.3,20765.7,40193.0,34250.9,27361.5,40349.4,15334.0,20297.8,43450.8,33936.0,36325.2,41429.4,32960.9,22916.1,35751.1,37809.7,18754.0,21092.4,31850.2,36558.0,37035.4,46478.8,51551.2,46107.7,20288.1,30142.6,14043.9,52217.2,46795.8,18520.0,28350.5,33713.6,20121.8,22496.6,32652.6,28345.7,15089.8,35765.7,37212.8,3453.3,38088.9,25209.5,30581.7,9671.9,42930.0,51170.4,43772.4,51882.0,22873.4,42480.2,28277.2
Pharmacie du Faubourg,27707.9,44646.2,37692.2,22490.0,18909.0,14760.9,21768.2,29255.7,21102.0,17565.5,258.2,27804.6,869.4,30384.9,17242.1,13639.0,16514.1,49204.0,44833.8,13932.6,43470.9,31689.1,47485.2,3591.0,0.0,25072.8,22111.5,34158.2,24710.3,44933.5,31689.1,20299.9,19941.6,29810.2,45813.2,38756.3,23086.0,39421.5,38228.0,26590.0,51130.9,18925.0,19526.3,54232.2,33164.5,35553.7,45020.4,32189.4,26893.2,34979.5,37038.2,17982.5,24509.2,31078.6,35786.4,36263.8,45707.2,50779.7,55118.6,19516.6,27932.7,17634.9,51445.7,44585.9,17748.5,27578.9,32942.0,21654.6,24816.9,30442.7,27574.2,14318.3,34994.2,36441.2,398.1,37317.4,24845.8,29810.2,8900.4,42158.4,50398.8,43000.9,51110.5,25193.7,41708.6,27505.7
Pharmacie de La Vallée du Morin,41683.2,68812.0,36481.2,15405.7,15587.4,36448.0,30796.4,37517.6,46507.1,16645.1,25077.4,9343.5,24205.6,55222.3,17406.0,37804.8,9182.6,47984.6,68999.6,38098.4,68308.3,39950.9,72322.5,21062.3,24819.2,0.0,47109.2,58324.0,38619.6,69770.9,39950.9,41986.9,20991.2,37610.1,69979.0,34703.0,23521.4,64258.8,14087.2,51427.3,39887.2,16112.8,44072.2,42988.5,40168.7,48787.5,29751.4,40451.2,4173.0,59816.9,43066.0,39669.5,17738.0,45349.6,60623.8,60336.7,38394.1,45582.8,45645.5,44540.3,52098.5,16714.6,46121.8,68751.7,39435.6,41554.2,39626.5,30682.8,21864.1,54608.5,35836.0,36005.4,54348.1,64948.5,25409.3,62154.7,27965.2,37610.1,30587.4,65265.6,49692.3,53179.5,61289.1,25629.1,66546.0,39582.7
Pharmacie Des Saisons de Meaux,5258.5,36300.4,44917.3,37233.9,32546.0,8101.0,18622.4,11723.2,26680.0,32043.7,22323.8,43824.9,21800.9,11436.1,32660.4,20257.4,35840.0,49664.9,36488.0,19788.3,24522.1,9215.2,28536.3,23303.0,22414.4,47720.5,0.0,25812.4,10394.3,25984.7,9215.2,10973.5,26722.8,19889.3,36519.8,36919.4,26870.6,20472.7,58172.6,7641.2,41210.0,32562.1,3534.2,44311.3,13688.9,15057.0,57800.3,10287.4,49357.7,16030.7,14473.6,5820.4,45254.7,2206.1,16837.6,15767.2,35786.3,40858.8,45197.7,4630.5,19586.9,32113.2,41524.8,36240.1,5733.7,5129.5,23021.1,18434.5,30318.3,30373.2,13258.1,8337.8,14497.5,15944.6,22416.8,18368.5,25293.3,19889.3,16152.4,23209.6,40477.9,33080.0,41189.6,33195.2,22759.8,5231.2
Pharmacie Delahaye et Servais,29042.3,10488.0,69658.2,55295.0,51714.1,29573.3,43363.3,37167.3,14754.4,50370.5,33868.2,60966.4,34460.4,20364.8,50047.2,20988.7,49675.9,74405.8,10675.6,20519.7,30232.5,34659.3,18946.3,36396.1,34240.4,58234.6,25811.4,0.0,35135.1,12529.9,34659.3,22523.6,51463.7,44630.1,10707.4,61660.3,51611.5,26336.6,82913.4,22602.1,65950.8,51730.1,27295.7,69052.2,39133.0,39797.9,82541.2,35731.5,60054.9,17613.5,39917.7,26949.7,57914.2,27835.8,18558.3,31830.5,60527.2,65599.6,69938.6,28483.8,6225.5,50440.0,66265.7,10427.7,27530.0,28913.3,47762.0,43175.4,55059.2,10454.9,37999.0,29810.1,39238.4,42111.9,33821.7,20825.2,50034.1,44630.1,37624.7,28920.1,65218.8,57820.9,65930.5,57936.1,28623.7,29014.9
Pharmacie de Quincy-Voisins,5053.4,43456.8,36325.5,28167.0,23479.1,11617.0,8415.3,4732.5,29343.6,22976.9,24409.4,34758.0,23886.6,18592.5,23593.5,22921.0,37925.7,41073.1,43644.4,22451.9,31678.5,7165.9,35692.7,25388.7,24500.1,38653.6,10479.5,32968.8,0.0,33141.1,7165.9,13637.2,17655.9,11297.5,43676.2,28327.6,17803.7,27629.1,49580.8,14797.6,32618.2,23495.2,7442.5,35719.5,7383.7,16002.5,49208.5,7666.2,40290.8,23187.1,10280.9,9336.5,47340.4,8719.8,23994.0,23706.9,27194.5,32267.0,36605.9,7910.5,26743.3,23046.3,32933.0,43396.5,9242.3,4924.4,14429.3,8227.4,21251.4,33036.8,3051.0,11853.8,22437.2,23884.3,24502.4,25525.0,15086.1,11297.5,20039.6,28635.8,31886.1,24488.2,32597.8,19075.8,29916.2,4851.2
Pharmacie du Haudouin,30345.8,12686.8,70961.7,63278.2,58590.4,32069.4,44666.8,38470.8,27690.6,58088.1,40835.2,69869.2,45769.3,16377.0,58704.7,27955.7,59808.4,75709.3,14348.2,27486.7,18230.6,35962.8,6836.8,47271.4,46382.8,73764.9,27114.9,13019.5,36438.6,0.0,35962.8,22242.0,52767.2,45933.6,13760.5,62963.8,52915.0,14334.7,84216.9,20382.3,67254.3,58606.5,28621.5,70355.7,40436.5,36731.2,83844.7,37035.0,70187.5,13519.2,49281.6,29445.7,69223.1,29139.2,12411.7,19828.6,61830.7,60963.8,75785.9,29717.8,13192.5,58157.6,59610.6,13480.8,30026.1,30216.8,49065.5,44478.9,56362.7,23391.0,39302.5,32306.2,30444.6,30110.0,40788.7,8823.3,51337.6,45933.6,40120.8,16918.2,58563.8,51165.9,55285.1,59239.6,16621.8,30318.4
Pharmacie de la Gare,14123.9,44799.4,34913.8,29873.0,25185.2,15394.8,10147.3,3082.9,35178.9,24682.9,33461.6,36464.0,32938.8,19935.1,25299.5,28756.3,36754.2,39661.4,44987.0,28287.3,31953.3,0.0,37035.3,34440.8,33552.3,40359.6,9385.1,34311.4,7577.1,34483.7,0.0,19472.5,19361.9,7566.3,45018.7,26915.9,19509.8,28971.6,48169.1,16140.1,31206.5,25201.2,10828.0,34307.8,5048.6,9983.4,47796.8,1647.1,41996.8,24529.6,5833.3,13114.2,45309.6,7525.6,25336.5,18550.7,25782.8,30855.3,35194.2,11924.3,28085.9,24752.3,28905.3,44739.1,13027.5,13994.9,13048.6,9959.4,22957.4,38872.1,4530.1,15631.6,15544.0,14840.0,33554.6,26867.5,16818.2,7566.3,29091.8,30217.4,27858.4,20460.5,28570.1,20807.8,31258.8,12524.9
Pharmacie Desabres,9778.1,33011.8,48500.0,40526.7,35838.9,5961.0,21915.2,18232.5,15706.4,35336.6,22163.2,47117.7,19695.2,12426.1,34848.4,9283.8,33734.3,53247.6,33199.3,8814.8,27896.8,19789.0,31911.1,21197.3,20308.7,42293.0,10941.1,22523.7,13687.1,29359.5,19789.0,0.0,30015.6,23471.9,33231.1,40502.1,30163.5,23847.4,61755.2,11015.9,44792.6,35854.9,6982.5,47894.0,24262.6,23009.9,61383.0,20861.2,44113.3,16181.5,25047.3,6636.5,43149.0,9646.0,20212.3,21285.3,39369.0,44441.4,48780.4,8170.6,16298.3,35406.0,45107.4,32951.4,7216.8,9649.1,26603.8,21727.3,33611.1,19399.6,16550.9,6232.0,22450.4,23897.5,22116.8,21743.3,28586.1,23471.9,14046.7,26584.3,44060.6,36662.7,44772.2,33118.1,26134.6,9750.8
Pharmacie De Mouroux,20692.0,59095.4,22735.5,10511.1,5823.2,20664.2,9805.2,16526.4,36505.4,5321.0,19141.6,17102.1,18618.7,34231.1,5937.6,27803.1,17392.2,34247.4,59283.0,28096.6,47317.1,18959.7,51331.3,18268.9,19232.2,20997.7,26118.1,48607.4,17628.4,48779.7,18959.7,29275.8,0.0,16618.9,59314.8,23799.6,4911.2,43267.7,23750.0,30436.2,28983.8,5839.3,23081.0,32085.2,19177.5,27796.3,31934.7,19460.0,22634.9,38825.7,22074.8,24975.1,25947.7,24358.4,39632.6,39345.5,23637.5,26288.6,34742.1,23549.1,42381.9,5390.4,28900.5,59035.1,24880.9,20563.0,18635.3,9691.6,6642.1,44606.8,14844.8,20221.6,33356.9,43957.3,19234.6,41163.5,6974.0,16618.9,21148.8,44274.4,39586.2,32188.3,40297.9,7018.9,45554.8,18591.5
Ma Pharmacie de Bailly,14632.9,55177.5,29520.5,27070.9,22383.1,21196.5,7345.3,5368.2,38923.1,21880.8,28383.9,33661.9,27861.1,30313.2,22497.4,34275.5,33952.1,34268.1,55365.1,34569.1,46110.9,7021.4,47413.4,29363.1,28474.6,37557.6,19763.2,44689.5,11635.3,44861.8,7021.4,23216.7,16559.9,0.0,55396.8,21522.6,16707.7,39349.7,42775.8,26518.2,25813.2,22399.2,17022.0,28914.5,3268.6,14656.3,42403.5,7521.7,39194.7,34907.8,7289.8,18916.0,42507.5,18003.6,35714.7,32990.7,20389.5,25462.0,29800.9,17490.0,38464.0,21950.3,25000.1,55117.2,18821.8,14503.9,6352.1,7157.4,20155.4,42616.3,5821.9,21433.3,20216.8,28324.3,28476.9,37245.6,14016.1,0.0,24014.1,44375.0,23953.2,16555.3,24664.9,17900.3,41636.9,14430.7
Pharmacie Principale,39754.6,1319.8,80370.5,66007.3,62426.3,40285.6,54075.6,47879.6,25466.7,61082.8,44580.4,71678.7,45172.7,28626.3,60759.5,31701.0,60388.2,85118.1,1064.5,31232.0,30479.9,45371.6,17752.4,47108.4,44952.7,68946.9,36523.7,10712.3,45847.4,13805.1,45371.6,33235.9,62176.0,55342.4,0.0,72372.6,62323.8,26584.0,93625.7,32631.6,76663.1,62442.4,38008.0,79764.5,49845.3,48980.5,93253.5,46443.8,70767.2,25768.5,50630.0,37662.0,68626.5,38548.0,24661.0,32077.9,71239.5,73213.1,80650.9,39196.1,16937.8,61152.3,71859.9,279.7,38242.3,39625.6,58474.3,53887.7,65771.5,19496.0,48711.3,40522.4,42693.9,42359.3,44534.0,21072.6,60746.4,55342.4,48337.0,29167.5,70813.1,63415.2,67534.4,68648.4,28871.1,39727.2
Pharmacie Godart,31373.1,71917.7,7442.4,28048.9,21656.9,37936.8,20250.5,23588.6,55663.3,22714.6,45124.1,29712.7,44601.3,47053.4,23475.4,51015.8,34930.1,15675.6,72105.3,51309.3,59930.4,26022.0,64153.6,36553.4,45214.8,34745.1,36503.4,61429.7,28375.5,61602.0,26022.0,39956.9,23757.4,21384.7,72137.1,0.0,19822.8,56090.0,27439.4,43258.5,7406.5,22182.3,33762.2,10507.8,24470.5,34858.6,27426.8,26522.3,37679.0,51648.0,27489.4,35656.2,43485.5,34743.8,52454.9,49730.9,2352.6,11576.2,13164.7,34230.2,55204.2,22784.1,12115.1,71857.4,35562.1,31244.2,16018.3,20555.6,17628.1,59356.5,22327.6,38173.6,44150.7,42143.9,45217.2,53985.9,18994.9,21384.7,40754.4,58194.5,15685.6,23204.4,27790.0,19038.1,58377.1,31170.9
Pharmacie du Moulin,20891.0,59294.4,18572.8,13041.3,8353.5,19862.2,10004.2,16725.4,40109.2,7851.2,22745.4,19632.3,22222.5,34430.1,8467.8,31406.9,19922.5,30084.6,59482.0,31700.4,47516.1,19158.7,51530.3,20799.2,22836.0,23527.9,26317.1,48806.4,17827.4,48978.7,19158.7,29474.8,4683.1,16817.9,59513.8,19636.9,0.0,43466.7,30186.5,30635.2,24821.1,8369.5,23280.0,27922.4,19376.5,27995.3,29814.2,19659.0,25165.1,39024.7,22273.8,25174.1,28477.9,24557.4,39831.6,39544.5,18965.7,21616.7,30579.4,23748.1,42580.9,7920.6,24228.6,59234.1,25079.9,20762.0,17049.9,9890.6,5972.6,48874.4,15043.8,19682.3,33555.9,44156.4,22838.4,41362.6,4402.4,16817.9,24752.6,44473.4,27799.2,32387.3,40496.9,2347.1,45753.8,18790.5
Pharmacie Quer,23532.3,25800.0,64148.3,56464.8,51777.0,25256.0,37853.4,31657.4,34447.9,51274.7,39478.8,63055.8,38955.9,9628.6,51891.3,28025.3,52995.0,72069.6,27461.4,27556.2,2364.1,29149.4,18439.4,40458.0,39569.4,66951.5,20301.5,26132.7,29625.2,13468.9,29149.4,23920.8,45953.7,39120.2,26873.7,56150.4,46101.6,0.0,77403.5,13568.9,60440.9,51793.1,21808.1,63542.3,33623.1,18895.0,77031.3,30221.6,63374.1,11586.8,37833.6,22632.3,62409.7,22325.8,10479.3,5471.9,55017.3,49515.8,64337.9,22904.4,26483.5,51344.1,48162.7,26594.0,23212.7,23403.3,42252.1,37665.5,49549.3,36504.2,32489.1,25492.8,13580.1,18662.1,39571.8,7302.5,44524.2,39120.2,33307.4,4245.4,47115.8,39717.9,43837.1,52426.2,4025.0,23505.0
Pharmacie de Beton-Bazoches,52054.2,92598.8,23275.6,20360.3,18351.9,43112.3,33560.8,44269.7,59609.8,19409.6,38180.1,7063.8,37308.4,67734.5,20170.4,50907.5,18581.0,34779.0,92786.4,51201.1,86664.7,46703.1,84834.7,34165.0,37921.9,14121.1,57184.5,82110.8,49056.6,82283.1,46703.1,60638.0,23755.6,42065.8,92818.2,27695.7,29524.7,76771.0,0.0,63939.5,32879.9,18877.2,54443.3,34529.4,45151.6,55539.7,10780.3,47203.4,11978.8,72329.1,48170.5,56337.3,23469.0,55424.9,73136.0,70412.0,31121.7,38310.5,36810.9,54911.3,75885.3,19479.0,38849.4,92538.5,56243.1,51925.2,36699.4,33447.2,26446.9,67711.2,43008.7,42669.7,70884.9,68878.1,38512.0,74666.9,34252.1,42065.8,43690.1,84928.8,42419.9,49938.6,54524.2,28739.9,79058.2,51852.0
Pharmacie Saint Georges,10815.8,31552.5,51431.8,43748.3,39060.5,12539.5,25136.9,18940.9,26910.7,38558.2,26762.3,50339.3,26239.4,4672.8,39174.8,20488.1,40278.5,56179.4,33213.9,20019.1,17758.8,16432.9,21773.0,27741.5,26852.9,54235.0,7585.0,22590.7,16908.7,19221.4,16432.9,11204.3,33237.3,26403.7,32626.2,43433.9,33385.1,13709.4,64687.0,0.0,47724.4,39076.6,9091.6,50825.8,20906.6,18069.2,64314.8,17505.1,50657.6,9267.4,21691.3,9915.8,49693.2,9609.3,10074.3,10761.9,42300.8,47373.2,51712.2,10187.9,16365.2,38627.7,48039.3,32346.5,10496.2,10686.9,29535.6,24949.0,36832.8,30603.9,19772.6,12776.3,17509.7,18956.8,26855.3,11605.3,31807.7,26403.7,20590.9,16446.3,46992.4,39594.5,47704.1,39709.7,15996.5,10788.5
Pharmacie Darras,35808.9,76353.5,12501.7,33108.3,26716.3,42372.5,24686.2,28024.4,60099.1,27774.0,49559.9,34772.0,49037.0,51489.2,28534.8,55451.5,39989.5,9103.4,76541.0,55745.0,61539.5,30457.7,68589.4,41612.8,49650.6,39804.4,40939.2,65865.4,32811.3,66037.8,30457.7,44392.7,28816.7,25820.5,76572.8,7299.0,24882.2,61130.9,32498.8,47694.2,0.0,27241.6,38197.9,3749.8,28906.2,39294.3,32486.2,30958.0,42738.4,56083.7,31925.2,40092.0,48544.9,39179.6,56890.6,54166.7,5992.1,13185.2,6406.7,38666.0,59640.0,27843.4,13724.2,76293.2,39997.8,35679.9,20454.0,24991.3,22687.5,63792.3,26763.4,42609.3,45759.7,43752.9,49652.9,58421.6,22634.4,25820.5,45190.1,59803.6,17294.7,24813.4,29399.0,22001.8,62812.9,35606.7
Pharmacie d'Ile-de-France,26763.8,65167.3,19744.9,7060.1,961.7,25428.6,15877.0,22598.2,39969.0,1725.8,18778.2,12240.6,18255.3,40302.9,2486.6,31266.7,13941.3,31256.8,65354.8,31560.3,53388.9,25031.5,57403.2,15564.6,18868.8,16136.2,32189.9,54679.2,23700.2,54851.5,25031.5,35347.6,6071.8,22690.7,65386.6,20809.0,8602.0,49339.5,18888.5,36508.0,25993.2,0.0,29152.9,29094.6,25249.3,33868.1,27073.2,25531.8,17773.4,44897.5,28146.6,31046.9,22496.7,30430.3,45704.4,45417.3,24500.2,31688.9,31751.5,29620.9,48453.8,1795.2,32227.8,65106.9,30952.7,26634.8,24707.2,15763.4,7970.1,48070.4,20916.6,24985.9,39428.7,50029.2,18871.2,47235.4,13045.8,22690.7,25089.7,50346.2,35798.3,38260.2,46369.7,10709.7,51626.6,24663.3
Pharmacie du Faubourg,3858.9,37576.8,42580.8,34607.5,29919.7,4730.7,15996.0,12313.3,22457.3,29417.4,18953.5,41198.5,18430.6,13225.5,30034.0,16034.7,32469.8,47328.4,37764.3,15565.6,26311.4,11962.7,30325.7,19932.7,19044.2,45094.1,3648.6,27088.7,7767.9,27774.1,11962.7,6750.8,24096.4,17552.7,37796.1,34582.9,24244.3,22262.0,55836.0,9430.5,38873.4,29935.7,0.0,41974.8,14964.4,17090.8,55463.8,13034.9,42848.8,17820.0,17221.0,2450.2,41884.4,3726.8,18626.9,17800.9,33449.8,38522.2,42861.2,2328.0,20863.3,29486.8,39188.3,37516.4,3030.5,3729.9,20684.6,15808.1,27691.9,26150.5,10631.7,4967.5,16531.2,17978.3,19046.5,20157.9,22666.9,17552.7,12782.1,24999.0,38141.4,30743.5,38853.1,27198.9,24549.2,3831.6
Pharmacie Branger,38741.7,79286.3,11736.3,36041.1,29649.1,45305.3,27619.0,30957.2,63031.9,30706.8,52492.7,37704.8,51969.8,54421.9,31467.6,58384.3,42922.2,8072.1,79473.8,58677.8,64472.2,33390.5,71522.2,44545.6,52583.3,42737.2,43872.0,68798.2,35744.1,68970.5,33390.5,47325.4,31749.5,28753.2,79505.6,10231.8,27814.9,64063.7,35431.5,50627.0,3733.9,30174.4,41130.7,0.0,31839.0,42227.1,35419.0,33890.8,45671.1,59016.5,34857.9,43024.8,51477.7,42112.4,59823.4,57099.4,8924.8,16118.0,4308.5,41598.8,62572.8,30776.2,16656.9,79225.9,42930.6,38612.7,23386.8,27924.1,25620.2,66725.0,29696.2,45542.1,48692.5,46685.6,52585.7,61354.4,25567.1,28753.2,48122.9,62736.3,20227.4,27746.2,32331.8,24934.5,65745.6,38539.4
Pharmacie de Magny,12269.5,49255.0,32710.3,29675.6,24987.7,18833.1,9949.9,2740.6,36559.6,24485.4,32920.6,36266.5,32397.7,24390.7,25102.1,38812.2,36556.7,37457.9,49442.6,29668.0,34111.6,4506.8,41490.9,33899.8,33011.3,40162.2,13840.7,38767.0,7379.7,38939.3,4506.8,20853.2,19164.5,3350.4,49474.4,24712.4,19312.3,33427.2,45965.6,20595.7,29003.0,25003.8,15283.6,32104.3,0.0,12141.7,45593.3,5007.1,41799.3,28985.3,4775.3,16552.5,45112.1,11981.2,29792.2,23006.3,23579.3,19588.3,32990.7,15126.6,32541.5,24554.9,24801.1,49194.7,16458.4,12140.5,10437.8,9762.0,22760.0,40252.8,4332.7,19069.9,17702.2,21956.4,33013.6,31323.1,16620.7,3350.4,28550.8,32375.7,23754.2,16356.3,24465.9,20610.4,35714.4,12067.2
Pharmacie Peda,18057.0,46590.0,43429.0,38388.2,33700.3,20899.5,18662.5,11598.1,40464.9,33198.0,35122.3,44979.1,34599.5,21076.6,33814.7,34042.3,45269.3,48176.6,48251.4,33573.2,22785.0,9741.6,39229.4,36101.6,35213.0,48874.8,14671.1,39597.3,16092.3,34258.9,9741.6,24758.5,27877.1,16081.5,47663.7,35431.1,28024.9,22376.4,56684.2,17706.3,39721.6,33716.4,16332.8,42822.9,13563.7,0.0,56312.0,8436.4,50511.9,25334.6,12266.8,18619.0,53824.7,15312.8,31269.3,13922.9,34298.0,30002.8,44825.0,17429.1,33371.9,33267.5,28649.7,47384.0,18532.3,17928.0,21563.7,18474.6,31472.6,44158.1,13045.3,21136.3,3914.0,4865.3,35215.3,28092.5,25333.3,16081.5,28950.9,21049.1,27602.8,20204.9,24324.1,29323.0,26434.5,18029.7
Pharmacie Potellet-Collard,52360.2,92904.8,23756.2,28455.2,26446.8,51207.2,41655.7,44575.7,65747.7,27504.5,44556.9,20412.8,44034.0,68040.5,28265.3,57045.4,35336.4,28927.4,93092.4,57339.0,87145.2,47009.1,85140.7,41343.3,44647.5,29684.7,57490.5,82416.8,49362.6,82589.1,47009.1,60944.0,31850.5,42371.8,93124.2,28176.2,29830.6,77077.0,10722.3,64245.5,33360.4,26972.1,54749.3,35009.9,45457.6,55845.7,0.0,47509.4,28379.1,72635.1,48476.5,56643.3,43891.8,55730.9,73442.0,70718.0,31602.3,38791.0,37291.4,55217.3,76191.3,27573.9,39329.9,92844.5,56549.1,52231.2,37005.4,41542.1,26752.9,73849.1,43314.7,50764.6,69448.3,69358.6,44649.9,74972.9,34558.1,42371.8,50868.4,85409.3,42900.4,50419.2,55004.8,29045.9,79364.2,52158.0
Pharmacie Avicenne,12545.7,46053.5,34992.6,29951.8,25264.0,16648.8,10226.1,3161.7,36433.0,24761.7,33540.4,36542.8,33017.6,21189.1,25378.3,30010.4,36833.0,39740.2,46241.0,29541.3,30306.2,1305.3,38289.4,34519.6,33631.1,40438.4,10639.2,35565.4,7655.9,35737.7,1305.3,20726.6,19440.7,7645.1,46272.8,26994.7,19588.6,29897.7,48247.9,17394.2,31285.3,25280.0,12082.0,34386.6,5127.4,8336.3,47875.6,0.0,42075.6,25783.7,4275.7,14368.3,45388.4,8779.7,26590.6,20830.6,25861.6,30934.1,35273.0,13178.4,29340.0,24831.1,28984.1,45993.1,14281.5,12416.7,13127.4,10038.2,23036.2,40126.2,4608.9,16885.6,13896.9,13192.9,33633.4,28121.6,16897.0,7645.1,29170.6,28570.3,27937.2,20539.3,28648.9,20886.6,32512.8,12343.5
PHARMACIE DU CŒUR DE LA BRIE,43327.9,70325.9,33557.2,16919.5,17232.1,37961.8,32441.0,39162.2,48021.0,18289.8,26591.2,8052.4,25719.5,53585.8,19050.6,39318.7,10696.4,45060.6,70513.4,39612.2,66671.8,41595.6,70686.1,22576.1,26333.0,4180.5,48753.9,59837.8,40264.3,68134.4,41595.6,43500.8,22635.9,39254.7,71492.8,37977.2,25166.1,62622.4,12054.2,49790.9,43161.4,17757.5,42727.1,44810.9,41813.4,50432.2,28516.6,42095.9,0.0,58180.4,44710.6,41183.3,11490.3,46994.3,58987.3,61981.4,41403.3,48592.0,47092.4,46185.0,53612.4,18359.3,49130.9,70265.5,40949.4,43198.9,41271.2,32327.4,23508.8,56122.3,37480.7,37519.2,55992.8,66593.2,26923.1,60518.3,29609.8,39254.7,32101.3,65359.3,52701.4,54824.2,62933.8,27273.8,64909.5,41227.4
PHARMACIE DE LA POSTE,19229.5,24598.2,59845.4,52162.0,47474.1,20953.1,33550.5,27354.5,29088.1,46971.8,35175.9,58752.9,34653.0,5260.7,47588.5,22388.1,48692.2,64593.0,26259.5,21919.0,16068.4,24846.5,14818.7,36155.1,35266.6,62648.6,15998.7,17590.6,25322.4,12267.1,24846.5,16164.4,41650.9,34817.4,25671.8,51847.5,41798.7,11176.6,73100.7,9266.1,56138.1,47490.2,17505.2,59239.4,29320.2,25709.2,72728.4,25918.7,59071.2,0.0,30104.9,18329.5,58106.8,18023.0,1203.7,12691.6,50714.4,55786.9,60125.8,18601.5,15132.8,47041.3,56452.9,25392.2,18909.8,19100.5,37949.2,33362.6,45246.4,27962.1,28186.2,21189.9,28282.4,27947.8,35268.9,4650.9,40221.4,34817.4,29004.5,14755.9,55406.0,48008.1,53122.8,48123.3,12722.5,19202.2
Pharmacie de Chessy,15156.1,59257.6,35151.2,32562.2,27874.4,20845.6,12836.5,5627.2,40629.8,27372.1,36150.8,39153.2,35628.0,25385.9,27988.7,34207.2,39443.4,39898.8,60919.0,33738.1,35452.6,5502.0,51897.0,37130.1,36241.5,43048.8,14836.0,39762.2,10266.3,46926.5,5502.0,24923.3,22051.1,7429.6,50469.6,27153.3,22199.0,35044.0,48406.4,21591.0,31443.8,27890.4,16278.8,34545.1,4911.8,9257.6,48034.2,4387.8,44686.0,29980.5,0.0,18565.1,47998.8,12976.5,30787.4,22365.5,26020.2,19716.5,35431.5,17375.1,33536.7,27441.5,24962.8,50189.9,18478.3,15027.1,10566.1,12648.6,25646.7,44323.0,7219.4,21082.4,14818.2,17666.0,36243.8,32318.4,19507.4,7429.6,31781.1,33716.7,23915.9,16518.0,22006.7,23497.0,39102.1,14953.9
Pharmacie de la Verriere SELAS,6208.8,37377.6,44930.7,33039.4,28351.6,3393.4,18345.9,14663.2,22258.1,27849.3,17616.2,39630.4,17093.3,13661.4,32246.5,15835.5,31132.4,49678.3,37565.1,15366.4,26747.3,13495.5,30761.6,18595.4,17706.8,39691.1,5181.4,26889.5,10117.8,28210.0,13495.5,6551.7,26446.3,19902.6,37596.9,36932.8,26594.1,22697.9,58185.9,9866.4,41223.3,28367.6,2596.2,44324.6,17314.3,18623.6,57813.7,14567.7,41511.5,18255.9,18753.9,0.0,40547.1,5259.7,19062.8,19333.8,35799.7,40872.1,45211.0,1690.0,20664.1,27918.7,41538.1,37317.2,744.6,6079.8,23034.5,18158.0,30041.8,25951.3,12981.6,3630.2,18064.1,19511.2,17709.2,20593.8,25016.8,19902.6,11444.8,25434.9,40491.3,33093.4,41202.9,29548.8,24985.1,6181.5
PHARMACIE LEFEBVRE TOULET KAREN,50326.8,68212.7,40993.5,15387.2,22210.3,37379.8,35700.6,42421.8,45907.8,20866.7,24478.0,20454.6,23606.3,53003.8,21133.7,37205.5,9164.0,52505.3,68400.2,37499.0,66089.8,44855.1,70104.0,21043.8,24219.8,17722.7,44730.3,57724.6,47329.2,67552.4,44855.1,42918.7,25895.4,42514.3,69379.6,42057.6,28425.6,62040.3,23334.2,49208.8,47241.8,22226.3,42145.1,50343.1,45072.9,53691.7,43919.4,45355.4,11796.8,57598.4,47970.2,40601.3,0.0,53697.5,58405.3,58882.7,45748.7,52937.4,53000.0,42135.4,51499.2,20936.2,53476.3,68152.4,40367.4,50197.8,44530.7,35587.0,30156.5,54009.1,40740.2,36937.2,57613.0,59060.1,24809.9,59936.2,32869.4,42514.3,31519.2,64777.3,57046.8,58083.7,66193.3,30533.3,64327.5,50124.6
PHARMACIE DU PARC,5023.1,38268.1,43420.4,35737.0,31049.1,7865.6,17282.1,10217.7,25592.1,30546.9,22088.3,42328.0,21565.5,13403.8,31163.5,19169.5,35604.6,48168.0,38455.7,18700.5,26489.8,7709.7,30504.0,23067.6,22179.0,46223.6,2269.1,27780.1,8897.4,27952.4,7709.7,9885.7,25225.9,18392.4,38487.5,35422.6,25373.8,22440.4,56675.7,9608.9,39713.1,31065.2,3298.8,42814.4,12183.3,16185.2,56303.4,8781.9,47860.8,17998.4,12968.0,5585.0,45019.3,0.0,18805.3,16895.4,34289.4,39361.9,43700.8,4395.1,21554.7,30616.3,40027.9,38207.8,5498.3,4894.1,21524.2,17094.2,28821.4,29285.3,11664.9,8102.4,15625.7,17072.8,22181.4,20336.3,23952.9,18392.4,15917.0,21824.3,38981.0,31583.1,39692.7,31698.3,24727.5,4995.8
Pharmacie Parapharmacie des Sources,20017.2,23490.7,60633.2,52949.7,48261.9,21740.9,34338.2,28142.3,30032.9,47759.6,35963.6,59540.7,35440.8,6048.5,48376.2,23332.8,49479.9,65380.8,25152.0,22863.8,14960.9,25634.3,13711.2,36942.9,36054.3,63436.3,16786.4,18535.4,26110.1,11159.6,25634.3,20405.7,42438.6,35605.1,24564.3,52635.3,42586.5,11064.9,73888.4,10053.8,56925.8,48277.9,18292.9,60027.1,30107.9,26497.0,73516.1,26706.5,59858.9,1203.7,30892.6,19117.2,58894.6,18810.7,0.0,13479.4,51502.2,56574.6,60913.5,19389.3,16077.6,47829.0,57240.6,24284.7,19697.5,19888.2,38737.0,34150.4,46034.1,28906.8,28973.9,21977.7,27174.9,26840.3,36056.6,3543.4,41009.1,35605.1,29792.3,13648.4,56193.8,48795.8,52015.3,48911.1,11615.0,19989.9
PHARMACIE DE JUILLY,19119.3,31317.2,57867.1,50183.7,45495.8,21961.8,31572.2,21410.0,33301.0,44993.6,36184.6,56774.7,35661.8,8481.7,45610.2,26878.4,49700.9,62614.7,32978.6,26409.3,6563.5,18902.0,23956.6,37163.9,36275.3,60670.3,15733.4,31650.0,23344.1,18986.2,18902.0,21508.7,39672.6,32839.1,32390.9,49869.3,39820.4,5554.5,71122.4,10796.9,54159.8,45511.9,17395.1,57261.1,23375.6,14350.1,70750.1,20844.2,62307.5,12836.1,24160.3,19681.3,59115.6,16375.1,15996.6,0.0,48736.1,42404.7,58147.5,18491.4,25729.7,45063.0,41051.6,32111.2,19594.6,18990.3,35970.9,31384.3,43268.1,42021.4,26207.9,22198.6,9035.2,10482.3,36277.6,12819.7,38243.1,32839.1,30013.2,5010.3,40004.7,32606.8,36726.0,46145.0,9477.8,19092.0
Pharmacie du Breon,30259.6,70804.2,9381.4,29987.9,23595.9,36823.2,19136.9,22475.1,54549.8,24653.6,44010.6,31651.7,43487.7,45939.9,25414.4,49902.2,36869.1,14433.8,70991.8,50195.8,57577.8,24908.4,63040.1,44989.8,44101.3,36684.1,35389.9,60316.2,27262.0,60488.5,24908.4,38843.4,23408.0,20271.2,71023.5,2483.5,18964.3,57169.3,29378.4,42144.9,5978.9,24121.3,32648.6,9080.2,23356.9,33745.0,29365.8,25408.7,39618.0,50534.4,26375.9,34542.7,45424.5,33630.3,51341.3,48617.4,0.0,9223.6,11737.2,33116.7,54090.7,24723.0,9762.5,70743.9,34448.5,30130.6,14904.7,19442.0,19567.1,58243.0,21214.1,37060.0,41798.1,39791.3,44103.6,52872.3,17567.4,20271.2,39640.8,55841.9,13333.0,20851.8,25437.4,16934.8,57263.6,30057.4
Pharmacie du Centre,29072.9,71960.3,18388.7,39246.0,32854.0,35636.5,21255.4,24593.5,53363.0,33911.7,42823.9,40659.0,42301.0,44753.1,34672.5,48715.5,46127.2,21444.9,73621.6,49009.0,48155.2,27026.9,64599.7,43803.1,42914.5,45942.2,34203.2,59129.4,26075.2,59629.2,27026.9,37656.6,25840.3,18533.4,73033.9,13436.7,21396.7,47746.7,38385.7,40958.2,12990.0,33379.4,31461.9,16091.3,19319.0,30304.7,38373.2,27527.2,48625.3,49347.7,18768.0,33355.9,54682.6,32443.5,50154.6,42148.6,9257.7,0.0,16969.5,31930.0,52903.9,33981.2,1907.9,72754.3,33261.8,28943.9,12392.5,21560.4,28825.2,57056.2,23332.5,35873.3,32375.4,30368.6,42916.9,53462.7,19999.8,18533.4,38454.1,46419.3,5664.8,11429.2,17769.1,19367.2,51804.8,28870.6
La Pharmacie de Guignes,39861.9,86278.1,14033.3,38995.1,32603.1,46425.6,28739.3,32077.4,64152.1,33660.8,53612.9,38994.7,53090.1,55542.2,34421.6,59504.6,45876.3,7731.7,80594.1,59798.1,62473.1,34510.8,72642.4,54592.2,53703.6,45691.3,44992.2,69918.5,36864.3,73947.1,34510.8,48445.7,34703.6,29873.5,80625.9,13185.8,30769.0,62064.6,36721.4,51747.3,6961.6,33128.5,42251.0,4027.4,32959.3,44622.6,36708.9,35011.1,46961.0,60136.8,35978.2,44145.0,54431.7,43232.6,60943.7,58219.7,11878.9,17238.3,0.0,42719.0,63693.0,33730.3,17777.2,80346.2,44050.9,39733.0,24507.1,29044.4,28574.3,67845.3,30816.4,46662.4,46693.3,44686.5,53706.0,62474.6,29119.2,29873.5,49243.2,60737.2,18972.9,25747.1,30340.1,28486.6,66122.7,39659.7
Pharmacie de la Pierre Collinet,4658.5,38128.0,43380.4,35407.1,30719.2,5281.9,16795.6,13112.9,23008.5,30216.9,19504.7,41998.0,18981.9,14411.8,30833.6,16585.9,33021.0,48128.0,38315.5,16116.9,27497.8,12821.2,31512.0,20484.0,19595.4,41579.7,4507.1,27640.0,8567.5,28960.4,12821.2,7302.1,24896.0,18352.3,38347.3,35382.5,25043.8,23448.3,56635.6,10616.8,39673.0,30735.3,1921.8,42774.3,15764.0,17949.2,56263.3,13893.4,43400.0,19006.4,18079.5,1710.8,42435.7,4585.3,19813.3,18659.4,34249.3,39321.8,43660.7,0.0,21414.5,30286.4,39987.8,38067.7,1831.8,4529.5,21484.2,16607.7,28491.5,26701.7,11431.3,5518.7,17389.7,18836.8,19597.7,21344.2,23466.4,18352.3,13333.3,26185.3,38940.9,31543.0,39652.6,27998.4,25735.5,4631.2
Pharmacie de Acy en Multien,22816.8,16713.5,63432.7,49069.6,45488.6,23347.9,37137.8,30941.9,14199.1,44145.1,27642.7,54740.9,28235.0,17501.0,43821.7,14763.3,43450.4,68180.3,16901.1,14294.2,31178.3,28433.9,19528.9,30170.6,28014.9,52009.1,19586.0,6225.5,28909.7,13260.3,28433.9,16298.2,45238.2,38404.7,16932.8,55434.9,45386.1,27282.4,76688.0,16376.6,59725.4,45504.7,21070.3,62826.7,32907.5,33572.5,76315.7,29506.1,53829.5,15155.7,33692.2,20724.2,51688.8,21610.3,16100.5,25729.7,54301.7,59374.2,63713.1,22258.3,0.0,44214.5,60040.2,16653.2,21304.5,22687.8,41536.5,36949.9,48833.7,13864.5,31773.5,23584.7,33012.9,34460.0,27596.2,21771.0,43808.7,38404.7,31399.3,29865.9,58993.3,51595.4,59705.0,51710.6,29569.6,22789.5
Pharmacie Centrale Noël,25946.2,60706.8,20344.3,5493.0,1561.1,24610.9,15059.4,21780.6,38401.9,217.6,17211.1,12839.9,16688.2,39485.3,919.5,29699.6,12374.1,31856.1,60894.4,29993.2,52571.3,24213.9,56585.6,13997.5,17301.7,16735.6,31372.3,50218.8,22882.6,54033.9,24213.9,34530.0,5254.2,21873.1,61873.8,21408.4,7784.4,48521.9,19487.9,35690.4,26592.6,1577.2,28335.3,29693.9,24431.7,33050.5,27672.5,24714.2,18372.7,44079.9,27329.0,30229.3,20929.6,29612.7,44886.8,44599.7,25099.5,32288.2,32350.9,28803.3,43993.3,0.0,32827.2,60646.5,30135.1,25817.2,23889.6,14945.8,9515.3,46503.3,20099.0,24168.3,38611.1,49211.6,17304.1,46417.8,12228.2,21873.1,23522.6,49528.6,36397.7,37442.6,45552.1,9892.1,50809.0,23845.7
PHARMACIE PRINCIPALE,35805.6,70052.3,19125.4,39982.8,33590.8,42369.2,25481.6,30649.2,60095.7,34648.5,49556.6,41395.7,49033.7,51485.8,35409.3,55448.2,46863.9,22181.7,71713.7,55741.7,46247.3,29656.9,62691.8,50535.8,49647.2,46678.9,40935.9,65862.1,32807.9,57721.3,29656.9,44389.3,29183.0,24997.6,71126.0,14173.5,24739.3,45838.8,39122.5,47690.9,13726.7,34116.1,38194.6,16828.0,26051.7,28396.8,39109.9,30157.2,49362.1,56080.4,24710.1,40088.6,55419.4,39176.2,54731.7,40240.7,9994.4,1353.1,17706.2,38662.6,59636.6,34717.9,0.0,70846.4,39994.4,35676.6,15735.2,25786.7,29561.9,63788.9,28967.6,42606.0,30467.5,28460.7,49649.6,51554.8,23342.4,24997.6,45186.8,44511.4,2959.9,9521.3,16430.6,22709.8,49896.9,35603.3
Pharmacie des Remparts,39474.9,1040.1,80090.8,65727.7,62146.7,40005.9,53795.9,47599.9,25187.1,60803.2,44300.8,71399.0,44893.1,28346.6,60479.8,31421.3,60108.5,84838.4,784.9,30952.3,30200.3,45091.9,17472.8,46828.7,44673.0,68667.2,36244.1,10432.6,45567.8,13525.4,45091.9,32956.2,61896.3,55062.8,279.7,72092.9,62044.1,26304.3,93346.1,32352.0,76383.5,62162.7,37728.3,79484.8,49565.6,48700.8,92973.8,46164.1,70487.5,25488.8,50350.3,37382.3,68346.9,38268.4,24381.3,31798.2,70959.8,72933.4,80371.2,38916.4,16658.1,60872.6,71580.3,0.0,37962.6,39345.9,58194.6,53608.0,65491.8,19231.5,48431.6,40242.7,42414.2,42079.7,44254.3,20792.9,60466.8,55062.8,48057.3,28887.8,70533.4,63135.5,67254.7,68368.7,28591.5,39447.6
Pharmacie Beauval,5626.0,37868.2,44347.9,32834.0,28146.2,3188.0,17763.1,14080.4,22748.7,27643.9,17410.7,39425.0,16887.9,14152.0,32041.1,16326.1,30927.0,49095.4,38055.8,15857.1,27238.0,13725.8,31252.2,18390.0,17501.4,39485.7,5411.6,27380.2,9535.0,28700.6,13725.8,7042.3,25863.5,19319.8,38087.6,36350.0,26011.3,23188.6,57603.1,10357.1,40640.5,28162.2,2826.4,43741.8,16731.5,18853.8,57230.8,14797.9,41306.0,18746.6,18984.1,639.2,40341.7,5489.9,19553.5,19564.0,35216.8,40289.3,44628.2,1920.2,21154.7,27713.3,40955.3,37807.9,0.0,5497.0,22451.7,17575.2,29459.0,26441.9,12398.8,3424.7,18294.3,19741.4,17503.7,21084.4,24433.9,19319.8,11239.4,25925.5,39908.4,32510.5,40620.1,28965.9,25475.7,5598.7
Pharmacie principale de Mareuil - Elsie Santé,166.5,39325.2,39490.1,31516.8,26828.9,7485.4,12905.3,9222.6,25211.9,26326.6,27574.0,38107.7,27051.1,14460.9,26943.3,18789.3,41090.2,44237.7,39512.7,18320.3,27546.8,13363.9,31561.1,28553.2,27664.6,42003.4,4884.0,28837.1,4677.2,29009.5,13363.9,9505.5,21005.7,14462.0,39544.5,31492.2,21153.5,23497.4,52745.3,10665.9,35782.7,26845.0,3310.8,38884.0,11873.7,18326.1,52373.1,14436.0,43640.5,19055.4,14771.0,5204.8,50504.9,4962.2,19862.3,19036.3,30359.1,35431.5,39770.4,3778.8,22611.7,26396.1,36097.5,39264.9,5110.7,0.0,17593.9,12717.4,24601.2,28905.1,7541.0,7722.2,17766.6,19213.7,27667.0,21393.3,19576.2,14462.0,15536.8,26234.4,35050.6,27652.7,35762.3,24108.2,25784.6,1891.7
Pharmacie Vauchier,17735.5,58280.1,23996.5,28769.3,24081.5,24299.1,9150.3,10185.5,42025.7,23579.2,31486.5,35360.3,30963.6,33415.7,24195.8,37378.1,35650.5,28744.1,58467.6,37671.6,45232.8,12618.8,50516.0,32465.7,31577.1,39255.9,22865.8,47792.0,14737.9,47964.3,12618.8,26319.2,18258.2,6426.7,58499.4,15998.6,16978.0,44824.3,37251.7,29620.8,20289.1,24097.5,20124.5,23390.4,10211.0,20024.0,36879.5,13119.1,40893.1,38010.3,11095.3,22018.5,44205.9,21106.2,38817.2,36093.2,14865.5,12622.9,24276.8,20592.6,41566.6,23648.6,15234.8,58219.7,21924.4,17606.5,0.0,9455.4,18449.1,45718.8,8924.5,24535.9,29453.0,27446.2,31579.5,40348.2,15581.1,6426.7,27116.7,43496.9,17182.5,10588.8,15197.0,14948.5,48882.4,17533.2
PHARMACIE DU BEFFROI,13098.2,51501.7,28303.7,20349.6,15661.8,19661.9,187.9,7095.9,37388.4,15159.5,21481.6,26940.6,20958.8,26637.3,15776.1,30143.2,27230.8,33051.3,51689.2,30436.7,52313.5,9529.3,43737.6,20176.1,21572.3,30836.3,18524.3,41013.6,8208.4,41186.0,9529.3,21682.0,9838.5,7188.4,51721.0,20305.8,9986.4,35673.9,33588.6,22842.4,24596.3,15677.9,15487.3,27697.7,9747.0,18365.9,41773.2,10029.6,32473.4,31231.9,12644.3,17381.3,35786.2,16764.7,32038.8,28028.7,19172.7,24245.2,28584.1,15955.3,34788.2,15228.9,24784.1,51441.4,17287.1,12969.2,9018.0,0.0,13434.1,41081.6,5414.4,19898.7,23926.4,34526.9,21574.6,33569.8,7294.8,7188.4,26363.6,50577.6,30155.8,22757.9,30867.5,11284.5,37961.1,12896.0
Pharmacie Beaujean Dominique,24338.7,62742.1,16439.4,14772.2,8693.4,25998.8,13451.9,20173.1,41840.1,9582.0,24476.2,17885.9,23953.4,37877.8,10198.6,33137.7,21653.3,27951.2,62929.7,33431.3,50963.8,22606.4,54978.0,22530.0,24566.9,21781.6,29764.7,52254.1,21275.1,52426.4,22606.4,32922.4,6413.9,20265.6,62961.5,17503.5,5504.7,46914.3,27202.8,34082.8,22687.7,9218.7,26727.7,25789.0,22824.2,31443.0,26830.6,23106.7,23418.7,42472.4,25721.5,28621.8,30208.7,28005.1,43279.3,42992.2,21194.6,28383.3,28445.9,27195.8,46028.6,9651.5,28922.2,62681.8,28527.6,24209.7,18854.7,13338.2,0.0,49941.4,18491.5,25556.2,37003.6,47604.0,24569.2,44810.2,7829.9,20265.6,26483.5,47921.1,32492.7,35835.0,44597.1,4151.9,49201.5,22238.2
Pharmacie Rombaux,29155.2,20981.9,67877.1,51551.5,47970.5,25338.1,41292.3,37609.6,7747.1,46626.9,30124.6,57222.8,30716.9,28683.4,46303.6,17245.1,45932.3,72624.7,19804.1,16776.1,40643.0,39166.1,29356.8,32652.5,30496.8,54491.0,30318.2,10493.9,33064.2,22940.4,39166.1,19377.1,45193.3,42849.0,19355.3,59879.2,48337.8,36747.0,67646.1,30393.0,64169.7,47986.5,26359.6,67271.0,43639.7,42387.0,74081.9,40238.3,56311.3,28024.0,44424.4,26013.6,54170.7,29023.1,28968.8,42240.9,58746.1,63818.5,68157.4,27547.7,15722.0,46696.4,64484.5,19212.0,26593.9,29026.2,45980.9,41104.4,50068.6,0.0,35928.0,25609.1,41827.5,43274.6,30078.1,31235.7,47963.2,42849.0,31384.1,39330.5,63437.7,56039.8,64149.3,50445.4,39034.2,29127.9
Pharmacie Khin de St Germain sur Morin,7936.8,46340.2,30804.2,25342.9,20655.0,14500.4,5617.2,1681.6,32227.0,20152.7,29352.0,31933.8,28829.2,21475.9,20769.4,25804.3,32224.0,35551.8,46527.8,25335.3,34921.4,4114.9,38576.1,30331.3,29442.7,35829.5,13362.8,35852.2,3047.0,36024.5,4114.9,16520.5,14831.8,5807.1,46559.5,22806.4,14979.6,30512.4,44059.5,17680.9,27096.9,20671.1,10325.8,30198.2,4332.7,12951.5,43687.2,4615.2,37466.6,26070.5,7230.0,12219.8,40779.4,11589.3,26877.4,22614.4,21673.2,26745.7,31084.6,10793.9,29626.7,20222.2,29300.5,46279.9,12125.7,7807.8,8939.0,5429.3,18427.3,35920.1,0.0,14737.2,18512.1,17808.1,29445.0,28408.3,12288.0,5807.1,24982.2,33185.5,28253.6,20855.7,28965.3,16277.7,32799.6,7734.5
Pharmacie ROSSET,8003.5,39782.8,46725.4,29409.3,24721.4,442.6,20140.6,16457.9,20299.1,24219.1,13986.0,36000.2,13463.1,16066.6,28616.3,11596.7,27502.2,51473.0,39970.4,11890.3,29152.6,16107.3,33166.9,14965.2,14076.7,36061.0,7793.2,29294.8,11912.5,30615.2,16107.3,5981.6,20665.0,21697.3,40002.2,38727.5,19699.0,25103.2,42648.2,12271.7,43018.0,24737.5,5207.9,46119.4,19109.0,21235.4,50832.9,17179.5,37881.3,20661.2,21365.7,3664.1,36916.9,7871.4,21468.1,21945.5,37594.4,42666.8,47005.8,5198.2,23069.3,24288.6,43332.9,39722.5,3430.2,7874.5,24829.2,19952.8,25540.2,25320.7,14776.4,0.0,20675.8,22122.9,14079.0,22999.1,20770.8,21697.3,7814.6,27840.1,42286.0,34888.1,42997.7,25917.1,27390.3,7976.2
Pharmacie Centrale de Claye,18148.8,39686.6,51076.7,44150.5,39462.7,20991.3,24424.8,17360.4,40556.6,38960.4,35214.0,50741.5,34691.2,23570.1,39577.0,34134.0,48730.3,54309.9,41347.9,33665.0,15881.5,15504.0,32326.0,36193.3,35304.7,54637.2,14762.8,40019.3,22373.5,27355.5,15504.0,24850.2,33639.5,21843.8,40760.3,46124.7,33787.3,15473.0,71073.7,17798.0,45677.9,39478.8,16424.5,48779.3,19326.1,6446.0,71061.1,14198.7,56274.3,25473.4,20073.8,18710.7,58145.0,15404.5,24365.9,9489.4,41945.7,31756.0,46578.2,17520.8,33463.6,39029.9,30402.9,40480.6,18624.0,18019.8,29506.0,24237.0,37235.0,44249.8,18807.7,21228.1,0.0,1447.1,35307.1,21189.0,31095.7,21843.8,29042.7,14145.6,29356.0,21958.1,26077.3,35085.4,19531.1,18121.4
Pharmacie De Mauperthuis,20310.0,40175.6,49629.6,55449.5,50761.7,23152.5,35723.9,19521.6,42717.8,50259.4,37375.3,62040.5,36852.4,24059.2,50876.0,36295.2,50891.5,52862.8,41837.0,35826.2,16370.6,17665.2,32815.0,38354.5,37465.9,65936.2,16924.0,40508.4,24534.7,27844.6,17665.2,27011.4,44938.5,24969.9,41249.3,44677.6,45086.3,15962.1,69626.6,19959.2,44230.8,50777.8,18585.7,47332.2,23053.7,8607.2,69614.0,16359.9,67573.3,25962.5,18626.7,20871.9,60306.2,17565.7,24855.0,12063.1,40498.6,30308.9,45131.1,19682.0,35624.8,50328.9,28955.8,40969.6,20785.2,20181.0,28058.9,35536.0,48534.0,50879.8,20968.9,23389.3,2006.8,0.0,37468.3,21678.1,42394.7,24969.9,31203.9,14634.7,27908.9,20511.0,24630.2,43596.0,20020.1,20282.7
Pharmacie de l'Hotel de Ville,27723.2,44532.4,37707.4,22505.2,18924.2,14776.1,21783.4,29270.9,20736.8,17580.7,165.2,28076.4,1141.1,30400.2,17257.4,13525.2,16785.8,49219.2,44720.0,13818.8,43486.1,31704.3,47500.4,3606.2,537.5,25344.6,22126.7,34044.4,24725.5,44948.8,31704.3,22475.0,19956.8,29825.4,45699.4,38771.5,23101.3,39436.7,38499.7,26605.2,51146.1,18940.3,19541.5,54247.4,33179.7,35568.9,45035.7,32204.6,27164.9,34994.8,37053.4,17997.7,24781.0,31093.9,35801.6,36279.1,45722.5,50794.9,55133.8,19531.8,27819.0,17650.1,51460.9,44472.1,17763.7,27594.2,32957.3,21669.8,24832.1,30328.9,27589.4,14333.5,35009.4,36456.5,0.0,37332.6,24861.0,29825.4,8915.6,42173.7,50414.0,43016.1,51125.7,25208.9,41723.9,27520.9
Pharmacie Blassel,21547.8,19972.6,62163.8,54480.3,49792.5,23271.5,35868.9,29672.9,34976.4,49290.2,37494.3,61071.3,36971.4,7579.1,49906.8,25975.8,51010.5,66911.4,21634.0,25506.7,12055.1,27164.9,10193.2,38473.5,37584.9,64967.0,18317.0,20305.4,27640.7,7641.6,27164.9,21936.3,43969.3,37135.7,21046.3,54165.9,44117.1,8159.2,75419.0,11584.4,58456.4,49808.6,19823.6,61557.8,31638.6,30555.7,75046.8,28237.1,61389.6,4721.3,32423.3,20647.8,60425.2,20341.3,3613.8,13653.1,53032.8,54788.2,62444.2,20919.9,20656.2,49359.7,53435.1,20766.6,21228.2,21418.8,40267.6,35681.0,47564.8,30676.8,30504.6,23508.3,24269.1,23934.5,37587.3,0.0,42539.7,37135.7,31322.9,10742.6,52388.2,44990.3,49109.5,50441.7,8466.7,21520.5
Pharmacie Parisot,20009.1,58412.5,20752.6,17406.3,12718.4,20934.1,7285.6,14006.8,44299.3,12216.1,24422.7,23997.2,23899.8,33548.2,12832.7,33084.2,24287.4,32264.4,58600.1,33377.8,59224.3,16440.1,50648.4,25164.1,24513.4,27892.9,25435.1,47924.5,15119.3,48096.8,16440.1,28592.9,6895.2,14099.3,58631.9,21816.7,4402.4,42584.7,34935.1,29753.2,22633.2,12734.5,22398.1,25734.5,16657.9,25276.7,34562.8,16940.4,29530.0,38142.8,19555.2,24292.2,32842.8,23675.5,38949.7,34939.6,17579.4,20230.5,29069.7,22866.2,41699.0,12285.6,22842.4,58352.2,24198.0,19880.1,15663.7,7172.0,7509.2,47992.5,12325.2,20754.2,30837.3,41437.7,24515.7,40480.6,0.0,14099.3,33274.4,57488.4,26412.9,29668.7,37778.3,3989.7,44871.9,19806.8
Pharmacie du Golf à Bailly-romainvilliers,14632.9,55177.5,29520.5,27070.9,22383.1,21196.5,7345.3,5368.2,38923.1,21880.8,28383.9,33661.9,27861.1,30313.2,22497.4,34275.5,33952.1,34268.1,55365.1,34569.1,46110.9,7021.4,47413.4,29363.1,28474.6,37557.6,19763.2,44689.5,11635.3,44861.8,7021.4,23216.7,16559.9,0.0,55396.8,21522.6,16707.7,39349.7,42775.8,26518.2,25813.2,22399.2,17022.0,28914.5,3268.6,14656.3,42403.5,7521.7,39194.7,34907.8,7289.8,18916.0,42507.5,18003.6,35714.7,32990.7,20389.5,25462.0,29800.9,17490.0,38464.0,21950.3,25000.1,55117.2,18821.8,14503.9,6352.1,7157.4,20155.4,42616.3,5821.9,21433.3,20216.8,28324.3,28476.9,37245.6,14016.1,0.0,24014.1,44375.0,23953.2,16555.3,24664.9,17900.3,41636.9,14430.7
Pharmacie de Saint-Jean - Mr et Mme Poisson,13421.5,45200.8,49006.3,29118.0,25537.0,5860.6,26737.4,23423.7,23833.7,24193.4,9239.8,34046.5,8716.9,21484.6,23870.1,15131.4,22756.0,53753.8,45388.3,15424.9,34570.5,25857.1,38584.8,10219.0,9330.4,31314.7,13211.1,34712.7,18878.3,36033.2,25857.1,11399.5,22245.6,23978.2,45420.1,41008.4,25390.0,30521.1,44469.9,17689.6,45298.9,25553.0,10625.9,48400.2,27332.5,26653.3,51648.4,26357.4,33135.1,26079.2,31206.2,9082.1,32170.7,13289.4,26886.1,27363.5,39875.2,44947.7,49286.6,10616.2,28487.3,24262.9,45613.7,45140.4,8848.1,13292.5,27110.1,26549.5,27120.9,31935.1,21742.2,5417.9,26093.8,27540.9,9332.8,28417.0,33408.3,23978.2,0.0,33258.1,44566.8,37168.9,45278.5,27497.7,32808.3,13394.2
Pharmacie de St Mard Elsie,26128.4,28341.1,66430.1,59060.9,54373.0,27852.0,40449.4,34253.4,37043.9,53870.8,42074.8,65651.9,41552.0,12224.6,54487.4,30621.3,55591.1,69663.3,30002.5,30152.3,3587.3,31745.5,20980.5,43054.1,42165.5,69547.5,22897.6,28673.8,32221.3,16010.0,31745.5,26516.9,48549.8,41716.3,29414.8,61478.1,48697.6,3178.8,86427.1,16165.0,61031.3,54389.1,24404.1,64132.7,39854.2,22876.9,86414.5,30629.6,65970.1,14127.9,35427.2,25228.4,65005.8,24921.9,13020.4,4761.8,57299.1,47109.4,61931.6,25500.4,29024.6,53940.2,45756.3,29135.1,25808.7,25999.4,44859.4,40261.5,52145.3,39045.3,35085.1,28088.8,12870.1,16255.7,42167.8,9843.6,47120.3,41716.3,35903.4,0.0,44709.4,37311.5,41430.7,60396.6,8185.6,26101.1
Pharmacie Victor Hugo,34791.6,69038.4,23453.9,44311.2,37919.2,41355.3,29708.7,29635.2,59081.8,38976.9,48542.6,45724.1,48019.8,50471.9,39737.7,54434.2,51192.4,26687.0,70699.8,54727.8,45233.4,28643.0,61677.9,49521.9,48633.3,51007.3,39921.9,64848.2,31794.0,56707.4,28643.0,43375.4,38923.3,23983.6,70112.1,18501.9,29067.8,44824.9,43450.9,46676.9,18055.1,38444.5,37180.7,21156.5,25037.7,27382.8,43438.3,29143.3,53690.5,55066.5,23696.1,39074.7,59747.8,38162.3,53717.8,39226.8,14322.8,4283.9,18955.3,37648.7,58622.7,39046.3,2930.8,69832.4,38980.5,34662.6,17006.5,29520.8,33890.4,62775.0,27953.7,41592.1,29453.6,27446.8,48635.6,50540.9,27670.9,23983.6,44172.8,43497.5,0.0,8507.4,13100.4,27038.3,48882.9,34589.4
Pharmacie de Pontcarré,27468.2,61715.0,30156.3,42110.9,37423.0,34031.8,22385.2,22311.8,51758.4,36920.8,41219.2,52426.6,40696.3,43148.4,37537.4,47110.8,48992.1,33389.5,63376.3,47404.3,37909.9,21319.6,54354.4,42198.4,41309.8,52597.5,32598.5,57524.7,24470.5,49383.9,21319.6,36051.9,31599.8,16660.2,62788.6,25204.4,31747.7,37501.4,50153.4,39353.5,24757.6,37439.1,29857.2,27858.9,17714.3,20059.4,50140.8,21819.9,54234.7,47743.0,16372.7,31751.2,57547.5,30838.9,46394.3,31903.3,21025.3,10835.7,25657.8,30325.3,51299.3,36990.2,9482.6,62509.0,31657.1,27339.2,10506.1,22197.3,35195.3,55451.5,20630.2,34268.6,22130.2,20123.3,41312.2,43217.4,29056.1,16660.2,36849.4,36174.0,8435.7,0.0,5387.4,26043.2,41559.5,27265.9
Pharmacie De La Gare,35432.5,65931.5,35432.6,50075.3,45387.4,41996.2,30349.6,30276.1,59722.7,44885.1,49183.5,57702.9,48660.7,51112.8,45501.8,55075.1,56956.4,38890.6,67592.9,55368.7,42126.5,29283.9,58570.9,50162.8,49274.2,60561.9,40562.8,65489.1,32434.9,53600.5,29283.9,44016.3,39564.2,24624.5,67005.2,30480.6,39712.0,41718.0,55429.6,47317.8,30033.8,45403.5,37821.6,33135.2,25678.7,24275.9,55417.0,29784.2,62199.0,51718.4,21920.0,39715.6,65511.8,38803.2,50610.9,36119.9,26301.5,18210.8,31158.9,38289.6,59263.6,44954.6,17404.8,66725.5,39621.4,35303.5,15097.8,30161.7,43159.7,63415.9,28594.6,42233.0,26346.7,24339.9,49276.5,47434.0,37020.4,24624.5,44813.8,40390.6,14118.7,5371.0,0.0,30634.9,45776.0,35230.3
Pharmacie des Ormes,23845.6,62249.1,17732.4,15106.3,10418.4,26332.9,11275.2,17996.4,42174.2,9916.1,24810.3,21697.3,24287.5,37384.7,10532.8,33471.9,21987.4,29244.2,62436.6,33765.4,60603.6,20429.8,54485.0,22864.1,24901.0,25592.9,32814.8,51761.0,19109.0,51933.3,20429.8,32429.4,6748.0,18057.3,62468.4,18796.5,2194.3,46421.3,29346.0,33589.8,21964.5,10434.5,26234.7,25065.8,20647.5,29266.4,28973.8,20930.1,27230.1,41979.3,23544.8,28128.7,30542.9,31055.1,42786.2,46042.2,16910.7,19561.8,28401.0,26702.7,45535.6,9985.6,22173.7,62188.7,28034.5,23716.6,14995.0,11161.6,3775.5,50275.6,16314.9,25890.3,34826.9,42817.0,24903.4,44317.2,3989.7,18057.3,26817.6,58867.7,25744.2,25979.8,30588.0,0.0,48708.4,21745.1
Grande Pharmacie Du centre,26010.7,28278.3,66626.6,58943.2,54255.3,27734.3,40331.7,34135.7,36926.2,53753.0,41957.1,65534.1,41434.2,12106.9,54369.7,30503.6,55473.4,74548.0,29939.7,30034.5,5813.2,31627.7,14941.9,42936.3,42047.8,69429.8,22779.8,28611.0,32103.6,15947.3,31627.7,26399.1,48432.1,41598.5,29352.0,58628.7,48579.9,5211.6,79881.8,16047.3,62919.2,54271.4,24286.4,66020.6,36101.4,27761.5,79509.6,32699.9,65852.4,12793.6,40311.9,25110.7,64888.0,24804.2,11686.1,10230.4,57495.6,51994.1,66816.3,25382.7,28961.8,53822.5,50641.0,29072.3,25691.0,25881.7,44730.4,40143.8,52027.6,38982.5,34967.4,27971.1,21475.0,21140.4,42050.1,8509.2,47002.5,41598.5,35785.7,7948.5,49594.1,42196.2,46315.4,54904.5,0.0,25983.4
Pharmacie des Saints Pères nanteuil les meaux,2086.1,39370.1,40808.0,29212.6,24524.8,7530.3,14223.2,10540.5,25256.9,24022.5,21753.1,35803.6,21230.2,14505.8,24639.1,18834.3,36093.8,45555.6,39557.7,18365.2,27591.8,14681.8,31606.0,22732.3,21843.8,39699.2,4928.9,28882.1,5995.1,29054.4,14681.8,9550.4,18701.5,15779.9,39589.5,32810.1,18849.4,23542.3,54063.2,10710.8,37100.6,24540.8,3355.7,40202.0,13191.6,18371.1,53691.0,15754.0,41336.4,19100.4,16088.9,5249.8,44684.0,5007.1,19907.3,19081.2,31677.0,36749.4,41088.4,3823.8,22656.6,24091.9,37415.5,39309.8,5155.6,1957.1,18911.8,14035.4,22297.0,28950.1,8858.9,7767.1,17811.6,19258.7,21846.1,21438.2,20894.1,15779.9,15581.7,26279.3,36368.6,28970.7,37080.3,21804.0,25829.5,0.0
