,0,1,2,3,4,5,6,7,8,9,10,11,12,13,14,15,16,17,18,19,20,21,22,23,24,25,26,27,28,29,30,31,32,33,34,35,36,37,38,39,40,41,42,43,44,45,46,47,48,49,50,51,52,53,54,55,56,57,58,59,60,61,62,63,64,65,66,67,68,69,70,71,72,73,74,75,76,77,78,79,80,81,82,83,84,85
0,0.0,39439.1,39604.2,31630.7,27189.1,7579.5,13019.2,9336.5,25325.9,26440.6,27687.9,38221.7,27694.0,14574.8,27057.2,18903.3,41204.1,43376.5,39626.7,18434.2,27661.0,13393.4,31675.0,28667.1,27778.6,42117.3,4997.9,28951.1,4791.1,29122.8,13393.4,9619.4,20821.7,15012.9,39658.5,31606.3,21267.5,23611.3,52859.4,10779.8,35896.8,26958.9,3424.7,38998.1,11987.6,18245.9,52487.2,14912.4,43754.5,19169.4,14884.9,5318.8,50618.8,5076.1,19983.6,19150.2,29695.0,35545.6,40024.1,3892.8,22725.6,26510.0,36212.4,39378.8,5224.6,277.1,17708.0,12831.3,24715.1,29019.1,8665.1,7836.1,17880.6,19258.9,27821.2,21507.2,19690.1,15012.9,15651.0,26348.5,34945.6,27767.7,35874.5,24222.1,24383.0,2005.6
1,39492.8,0.0,80108.9,65745.5,62410.8,40004.1,53813.8,47617.8,25205.0,60821.0,44318.7,71417.1,45439.9,27564.3,60497.7,31439.2,60126.6,83881.3,1300.1,30970.2,29418.2,45025.4,18132.1,46846.6,44690.9,68685.3,36261.9,10450.5,45585.7,12743.5,45025.4,32974.1,61616.2,55517.6,1331.9,72111.0,62062.0,25522.0,93364.1,31569.7,76401.5,62180.6,37746.2,79502.9,49583.5,47725.5,92991.9,46544.5,70505.6,24706.6,60468.6,37400.2,68364.8,38286.3,23606.4,31016.2,70199.8,72151.4,87113.1,38934.3,16676.0,60890.5,70798.3,1052.2,37980.5,39363.8,58212.7,53625.9,65509.7,20905.4,48054.9,40260.6,41632.4,41451.5,44039.1,20010.6,60484.7,55517.6,48075.5,28105.8,69531.4,62353.5,66469.5,68386.8,26293.7,39465.5
2,37993.5,78538.1,0.0,26647.9,20739.4,44537.4,26870.9,30209.0,62283.7,21313.6,38366.0,24038.7,38372.1,53673.8,22074.4,57636.1,33529.1,11010.7,78725.7,57929.7,65313.1,32557.9,70774.0,35152.4,38456.6,35528.9,43123.8,68050.1,34995.9,68221.8,32557.9,46577.3,22654.3,28441.9,78757.5,6342.8,18421.8,64904.5,21765.5,49878.8,11527.0,20781.2,40382.6,11736.3,31090.8,47267.9,21752.9,33505.1,32005.1,58268.4,34109.8,42276.6,42084.5,41364.2,59082.6,56351.3,8990.7,16957.5,13962.6,40850.6,61824.6,21383.0,17496.5,78477.8,42182.4,37864.5,22638.7,27175.9,16227.1,65976.9,29537.6,44793.9,49532.8,47679.6,38499.3,60606.2,20649.9,28441.9,47374.7,63577.2,20847.0,28585.7,33168.4,17637.0,63482.0,37791.3
3,31200.3,65533.9,25606.3,0.0,7069.4,29865.0,20313.4,27034.6,43229.0,5479.6,22038.2,13699.7,22044.3,44739.4,5746.6,34526.7,6881.2,36142.9,65721.5,34820.3,57825.6,29383.6,61839.6,18824.6,22128.9,15439.9,36626.3,55045.9,28136.7,59287.4,29383.6,39784.0,10806.2,27563.9,66700.9,26670.4,13038.5,53775.9,20347.6,40944.4,31854.6,6839.2,33589.3,34955.9,29685.8,38110.5,28532.3,30330.7,17260.2,49333.9,32583.0,35483.3,15436.6,34866.7,50148.2,49853.8,29583.4,37550.3,37752.5,34057.4,48820.5,5549.0,38089.2,65473.6,35389.2,31071.3,29143.6,20199.8,14769.3,51330.4,26363.2,29422.4,43865.1,54620.9,22171.5,51671.8,17482.2,27563.9,28349.8,54782.7,41439.7,42698.0,50804.8,15146.1,54547.6,29099.7
4,26753.2,65156.6,19721.9,7049.5,0.0,25418.0,15866.4,22587.6,39958.4,1715.2,18767.6,12217.5,18773.7,40292.3,2476.0,31256.1,13930.6,30258.5,65344.2,31549.6,53378.5,24936.5,57392.5,15554.0,18858.2,16113.1,32179.3,54668.6,23689.6,54840.3,24936.5,35337.0,6359.2,23116.9,65376.0,20786.0,8591.4,49328.9,18865.5,36497.4,25970.1,1445.4,29142.3,29071.5,25238.7,33663.4,27050.1,25883.7,17750.3,44886.9,28136.0,31036.3,22486.1,30419.7,45701.2,45406.7,23698.9,31665.8,31868.0,29610.3,48443.1,1784.6,32204.7,65096.3,30942.1,26624.2,24696.5,15752.8,7947.1,48059.8,21916.2,24975.4,39418.1,50173.8,18900.9,47224.8,13035.2,23116.9,25079.1,50335.6,35555.3,38250.9,46357.8,10699.1,50100.6,24652.7
5,7560.9,39340.2,46283.0,31239.7,26798.1,0.0,19698.0,16015.3,24220.7,26049.6,15816.4,37830.7,15822.5,15624.0,30446.8,12786.5,29332.7,50055.3,39527.8,13080.1,28710.2,15580.3,32724.2,16795.7,15907.1,37891.4,7350.6,28852.2,11469.9,30172.0,15580.3,8514.3,22793.4,21691.7,39559.6,38285.1,21330.1,24660.6,44478.6,11829.1,42575.6,26567.9,4765.3,45676.9,18666.4,20598.6,52663.3,17099.3,39711.7,20218.6,20923.0,3221.5,38747.4,7428.8,21032.9,21502.9,36373.8,42224.4,46702.9,4755.6,22626.7,26119.0,42891.2,39279.9,2987.6,7431.9,24386.8,19510.1,27370.7,27913.9,15343.9,1830.1,20233.2,21611.6,15949.8,22556.5,26368.9,21691.7,9645.0,27397.8,41624.4,34446.5,42553.3,27747.5,25432.3,7533.6
6,13528.9,51932.3,28153.2,20198.4,15756.8,20072.7,0.0,7526.6,37819.1,15008.3,21330.4,26789.4,21336.6,27068.0,15624.9,29992.0,27079.6,31925.6,52119.9,30285.5,52746.3,9875.5,44168.2,20024.9,21421.1,30685.1,18954.9,41444.3,8639.1,41616.0,9875.5,22112.6,9389.4,8055.8,52151.7,20155.3,9835.2,36104.5,33437.4,23273.0,24445.8,15526.7,15917.9,27547.2,10177.7,18602.4,41622.0,10822.6,32322.2,31662.6,13075.0,17812.0,35635.0,17195.3,32476.8,28459.4,18244.1,24094.6,28573.2,16386.0,35218.8,15077.8,24633.6,51872.0,17717.8,13399.9,8867.5,430.6,13282.9,41512.3,6855.2,20329.3,24357.1,35112.8,21463.8,34000.4,7143.6,8055.8,26794.2,51010.4,27984.1,23189.9,31296.7,11133.3,36876.2,13326.6
7,9618.3,47415.9,32065.3,27024.4,22582.8,16162.2,7298.7,0.0,33908.5,21834.3,30613.0,33615.4,30619.1,22551.5,22450.9,27485.9,33905.6,35837.6,47603.4,27016.9,33473.7,2583.3,39651.8,31592.3,30703.7,37511.1,12001.6,36927.8,4728.5,37099.5,2583.3,18202.1,16215.4,4940.8,47635.2,24067.4,16661.2,31588.1,45320.5,18756.6,28357.9,22352.6,12007.4,31459.2,2740.5,11310.1,44948.2,3530.4,39148.2,27146.1,5637.8,13901.4,42461.0,10142.1,27960.4,21167.1,22156.1,28006.7,32485.2,12475.4,30702.4,21903.7,28545.6,47355.5,13807.2,9489.3,10200.0,7110.8,20108.9,37601.7,671.4,16418.8,17064.8,22972.6,30746.4,29484.0,13969.6,4940.8,26243.3,31737.8,29716.6,22538.7,30645.5,17959.3,32359.8,9416.1
8,25488.1,25240.4,64210.1,43444.3,40109.6,20103.4,37625.2,33942.5,0.0,38519.8,22017.4,49115.8,23138.7,25016.3,38196.5,9836.0,37825.3,67982.5,25428.0,10129.6,38496.4,35414.5,33615.3,24545.3,22389.6,46384.0,26651.0,14752.4,29397.1,27213.5,35414.5,15710.0,37384.1,39618.9,25404.0,56212.3,40230.6,34446.7,59539.2,26725.9,60502.8,39879.4,22692.5,63604.1,39972.6,38525.8,65974.8,36933.5,48204.4,29109.0,40757.3,22346.4,46063.5,25356.0,30061.1,33244.9,54301.0,60151.6,64630.1,23880.6,14197.1,38589.2,60818.4,25180.1,22926.8,25359.1,42313.9,37437.3,41961.4,7847.3,33271.1,20374.4,38160.4,39538.7,21737.9,32342.6,44296.0,39618.9,25954.7,37183.9,59551.6,52373.6,60480.4,42338.3,35218.4,25460.8
9,25728.6,64132.1,20126.7,5796.8,1589.8,24393.4,14841.8,21563.0,38499.7,0.0,17308.9,12622.3,17315.0,39267.7,1223.3,29797.4,12678.0,30663.3,64319.6,30091.0,52354.0,23911.9,56368.0,14095.3,17399.5,16518.0,31154.7,53644.0,22665.0,53815.7,23911.9,34312.4,5334.6,22092.3,64351.4,21190.8,7566.9,48304.3,19270.3,35472.8,26375.0,1359.6,28117.7,29476.3,24214.1,32638.8,27455.0,24859.1,18155.1,43862.3,27111.4,30011.7,21233.4,29395.1,44676.6,44382.2,24103.8,32070.7,32272.9,28585.7,47418.6,418.3,32609.6,64071.8,29917.5,25599.6,23672.0,14728.2,9297.7,46601.1,20891.6,23950.8,38393.5,49149.3,17442.2,46200.2,12010.6,22092.3,23620.4,49311.0,35960.1,37226.4,45333.2,9674.5,49076.0,23628.1
10,27814.4,44388.0,37798.7,22596.5,19261.7,14867.5,21874.7,29362.2,20843.8,17672.0,0.0,27911.1,451.2,30491.5,17348.6,13380.8,16620.6,48335.3,44575.6,13674.4,43577.7,31711.2,47591.7,3697.5,372.2,25179.3,22218.0,33900.0,24816.8,45039.5,31711.2,22330.5,20346.1,30354.2,45555.0,38862.8,23192.5,39528.0,38334.5,26696.5,51238.1,19031.6,19632.8,54339.4,33271.7,35466.1,45126.9,32658.3,26999.7,35086.1,37145.4,18089.0,24615.7,31185.1,35900.3,36370.4,45036.3,50886.9,55365.4,19623.1,27674.5,17741.4,51553.7,44327.7,17855.0,27685.4,33049.3,21761.1,24923.4,30184.5,28690.8,14424.8,35100.7,36479.0,177.0,37423.9,24952.3,30354.2,9006.9,42265.2,50286.9,43109.0,51215.8,25300.2,40299.7,27612.2
11,39649.6,78053.1,25520.0,15562.4,14037.4,38314.4,28762.8,35484.0,49313.4,14611.6,27883.6,0.0,27540.9,53188.7,15372.4,40611.1,11588.7,36048.1,78240.6,40904.6,66275.0,37832.9,70289.0,23868.6,27625.4,9343.5,45075.7,67565.0,36586.0,67736.7,37832.9,48233.4,19255.6,36013.3,78272.4,29940.1,21487.9,62225.3,7063.8,49393.8,35124.3,14079.2,42038.7,36773.7,38135.1,46559.8,20479.5,38780.1,7981.5,57783.3,41032.4,43932.7,19471.8,43316.1,58597.6,58303.1,32588.0,40554.8,39000.1,42506.7,61339.6,14681.0,41093.7,77992.8,43838.5,39520.6,37593.0,28649.2,19830.5,57414.8,34812.6,37871.8,52314.5,63070.3,28255.9,60121.2,25931.6,36013.3,33393.7,63232.0,44444.3,52183.0,56765.7,23595.5,62997.0,37549.1
12,27363.2,45249.1,37347.4,22145.2,18810.5,14416.2,21423.5,28911.0,22944.2,17220.7,342.8,27459.9,0.0,30040.2,16897.4,14241.9,16169.4,47884.0,45436.6,14535.4,43126.4,31259.9,47140.4,3246.3,84.6,24728.1,21766.8,34761.0,24365.6,44588.2,31259.9,19949.2,19894.8,29902.9,46416.0,38411.5,22741.3,39076.8,37883.2,26245.3,50786.9,18580.3,19181.5,53888.2,32820.5,35014.8,44675.7,32207.0,26548.4,34634.8,36694.2,17637.7,24164.5,30733.9,35449.1,35919.1,44585.1,50435.7,54914.2,19171.8,28535.6,17290.2,51102.5,45188.7,17403.8,27234.2,32598.0,21309.8,24472.1,31045.5,28239.6,13973.6,34649.4,36027.8,519.8,36972.7,24501.0,29902.9,8555.6,41814.0,49835.7,42657.7,50764.5,24849.0,39848.5,27161.0
13,14616.6,27514.2,55232.7,47549.1,43107.5,16320.4,28937.6,22741.6,25523.8,42358.9,30563.3,54140.0,30569.4,0.0,42975.6,19101.1,44079.5,59005.1,29175.6,18632.1,13721.0,20149.2,17735.0,31542.5,30653.9,58035.7,11385.7,21773.9,20709.5,15182.8,20149.2,15005.0,36740.0,30641.4,28587.9,47234.8,37185.8,9671.3,68487.9,4653.2,51525.3,42877.3,12892.3,54626.7,24707.3,21225.7,68115.7,21668.2,54458.6,5229.4,25492.0,13716.6,53494.2,13410.1,6043.6,8469.5,45323.6,51174.1,55652.6,13988.6,17952.5,42428.4,51841.0,28308.2,14296.9,14487.6,33336.5,28749.7,40633.5,29216.9,23178.7,16577.0,20860.3,25754.2,30696.6,7567.2,35608.4,30641.4,24391.9,12408.5,50574.1,43396.2,51503.0,43510.6,10443.0,14589.3
14,26284.1,60450.0,21023.6,5821.4,2486.6,24948.8,15397.3,22118.5,38145.1,896.9,16954.2,13519.2,16960.3,39823.2,0.0,29442.7,12702.5,31560.2,60637.5,29736.3,52909.4,24467.4,56923.4,13740.6,17044.9,17414.8,31710.1,49961.9,23220.5,54371.2,24467.4,34867.8,5890.0,22647.7,61616.9,22087.7,8122.3,48859.7,20167.2,36028.2,27271.9,2256.4,28673.1,30373.2,24769.6,33194.3,28351.8,25414.5,19052.0,44417.8,27666.9,30567.2,21257.9,29950.5,45232.0,44937.6,25000.7,32967.5,33169.7,29141.2,43736.5,966.3,33506.4,60389.6,30473.0,26155.1,24227.4,15283.7,9853.1,46246.4,21447.1,24506.2,38949.0,49704.7,17087.5,46755.6,12566.0,22647.7,23265.8,49866.5,36857.0,37781.8,45888.6,10230.0,49631.4,24183.6
15,18727.8,31007.2,58012.3,35067.1,31732.3,11726.1,30535.5,27182.2,10318.1,30142.6,13640.2,40738.6,14761.4,18256.0,29819.2,0.0,29448.1,61784.6,31194.8,293.5,31736.1,28654.3,33822.6,16168.1,14012.4,38006.8,19890.8,20519.2,22636.8,27554.0,28654.3,8949.7,29006.9,33421.0,32174.2,50014.4,31853.4,27686.5,51161.9,19965.6,54304.9,31502.1,15932.2,57406.2,36338.5,31765.5,57597.5,30173.3,39827.1,22011.5,33997.0,15586.2,37686.3,18595.7,22963.6,26484.7,48103.1,53953.7,58432.2,17120.3,14293.7,30212.0,54620.5,30946.9,16166.5,18598.8,36116.1,30421.9,33584.2,16803.7,26510.8,11997.2,31400.2,32778.5,13360.6,25582.4,33613.1,33421.0,14899.7,30423.7,53353.7,46175.7,54282.6,33961.0,28458.2,18700.5
16,40528.3,59945.3,32145.2,6538.9,13608.3,27581.3,26852.4,33573.6,37640.4,12018.5,16210.6,11794.9,15867.8,43205.3,12285.5,28938.1,0.0,42681.8,60132.8,29231.6,56291.5,35922.5,60305.5,12195.5,15952.4,9063.1,34931.8,49457.3,37530.6,57753.3,35922.5,33114.3,17345.1,34102.8,61112.3,33209.3,19577.4,52241.8,22218.3,39410.3,38393.5,13378.1,32346.6,41494.9,36224.7,44649.4,35071.2,36869.6,10883.4,47799.9,39122.0,30802.8,9059.8,43898.9,48614.1,49084.2,36122.3,44089.2,44291.4,32336.9,43231.8,12088.0,44628.1,59885.0,30568.8,40399.3,35682.5,26738.8,21308.3,45741.8,32902.2,27138.7,47814.5,61159.8,16582.9,50137.7,24021.2,34102.8,21720.7,54979.0,47978.7,49236.9,57343.7,21685.1,53013.5,40326.0
17,46113.0,92530.3,11029.8,37399.8,31491.3,52656.9,34990.4,38328.5,70403.2,32065.5,59864.0,35991.2,59870.1,61793.3,32826.3,65755.6,44281.0,0.0,86845.2,66049.2,68725.5,40677.4,78893.5,45904.3,59954.7,47481.4,51243.3,76169.6,43115.4,80198.9,40677.4,54696.8,33406.2,36561.4,86877.0,15099.3,29173.7,68317.0,33718.0,57998.3,8267.8,31533.1,48502.1,7115.9,39210.4,50680.3,28852.4,41624.6,43957.5,66387.9,42229.3,50396.1,52836.4,49483.7,67202.1,64470.8,14283.4,23489.4,6390.7,48970.1,69944.1,32134.9,24028.3,86597.3,50301.9,45984.0,30758.2,35295.4,26979.0,74096.4,37657.1,52913.4,52945.2,51092.0,59997.4,68725.7,31401.9,36561.4,55494.2,66989.6,25004.0,31998.2,36588.3,28389.0,70859.6,45910.8
18,39722.8,1288.0,80338.9,65975.5,62640.8,40234.0,54043.8,47847.8,25434.9,61051.0,44548.7,71647.1,45669.9,29167.7,60727.7,31669.2,60356.6,84111.3,0.0,31200.2,31021.5,45255.4,16687.9,47076.6,44920.9,68915.3,36491.9,10680.5,45815.7,14346.9,45255.4,33204.1,61846.2,55747.6,1064.5,72341.0,62292.0,27125.3,93594.1,33173.0,76631.5,62410.6,37976.2,79732.9,49813.5,49328.8,93221.9,46774.4,70735.6,26309.9,50598.2,37630.2,68594.8,38516.3,25209.7,32619.5,70429.8,73754.7,80758.8,39164.3,16906.0,61120.5,72401.6,784.9,38210.5,39593.8,58442.7,53855.9,65739.7,19640.7,48284.9,40490.6,43235.7,43054.8,44269.1,21614.0,60714.6,55747.6,48305.5,29709.1,71134.7,63956.8,68072.8,68616.8,27897.0,39695.5
19,18434.3,30713.7,58487.9,35542.7,32208.0,12201.8,31011.2,26888.7,12817.0,30618.2,14115.8,41214.2,15237.1,17962.5,30294.9,1236.4,29923.7,62260.2,30901.2,0.0,31442.6,28360.7,33529.1,16643.7,14488.0,38482.4,19597.3,20225.6,22343.3,27260.4,28360.7,8656.2,29482.5,33896.6,31880.6,50490.0,32329.0,27392.9,51637.6,19672.1,54780.5,31977.8,15638.7,57881.8,36814.1,31472.0,58073.2,29879.8,40302.8,21717.9,33703.5,15292.7,38161.9,18302.2,22670.0,26191.1,48578.7,54429.3,58907.8,16826.8,14000.2,30687.6,55096.1,30653.4,15873.0,18305.3,36591.7,30897.6,34059.8,16510.1,26217.3,12472.8,31106.6,32484.9,13836.3,25288.8,34088.7,33896.6,15375.3,30130.1,53829.3,46651.4,54758.2,34436.7,28164.6,18407.0
20,27269.8,29482.3,67153.2,60202.3,55760.7,28973.7,53247.5,35394.9,38185.4,55012.2,43216.5,66793.3,43222.6,13366.1,55628.8,31762.7,56732.8,69045.3,31143.7,31293.7,0.0,32802.5,22121.9,44195.8,43307.2,70688.9,24039.0,29815.0,33362.7,17150.9,32802.5,27658.3,49393.3,41983.8,30556.0,62201.3,49839.1,2015.0,87150.3,17306.4,61754.5,55530.5,25545.5,64855.8,40576.8,23406.7,87137.7,31058.6,67111.8,15269.4,36149.8,26369.8,66147.5,26063.3,14169.2,6086.1,57244.1,47832.6,62794.3,26641.9,30165.4,55081.6,46479.5,30276.3,26950.1,27140.8,45582.6,53059.6,53286.8,40186.5,35831.9,29230.3,17313.6,17132.7,43349.9,10985.0,59918.4,41983.8,37045.1,3175.6,45212.6,38034.7,42150.7,61119.7,4024.3,27242.5
21,14208.3,44883.8,34451.1,29410.3,24968.6,15459.4,9684.6,2620.1,35263.3,24220.1,32998.9,36001.2,33005.0,20019.5,24836.7,28840.7,36291.4,38223.4,45071.4,28371.7,31490.0,0.0,37119.7,33978.1,33089.5,39896.9,9469.5,34395.8,7114.4,34567.5,0.0,19556.9,18601.2,6594.4,45103.1,26453.2,19047.0,29056.0,47706.3,16224.5,30743.7,24738.5,10912.4,33845.0,4585.8,9326.5,47334.1,1546.8,41534.0,24614.1,5370.5,13198.6,44846.8,7610.0,25428.3,18635.1,24541.9,30392.5,34871.0,12008.7,28170.3,24289.6,28444.9,44823.5,13111.9,14079.3,12585.8,9496.7,22494.7,38956.5,3057.2,15716.0,15081.2,14308.4,33132.2,26951.9,16355.4,6594.4,28629.1,29754.1,27178.0,20000.1,28106.9,20345.1,29827.7,12609.3
22,31774.4,16670.8,72390.5,64706.9,60265.3,33478.2,46095.4,39899.4,32741.9,59516.7,47721.1,71297.8,47727.2,17805.6,60133.4,34361.1,61237.3,76162.9,16664.0,33892.1,22330.8,37307.0,0.0,48700.3,47811.7,75193.5,28543.5,18070.8,37867.3,6849.1,37307.0,32162.8,53897.8,47799.2,17728.5,64392.6,54343.6,18434.6,85645.7,21811.0,68683.1,60035.1,30050.1,71784.5,41865.1,40638.1,85273.5,38826.0,71616.4,14947.8,42649.8,30874.4,70652.0,30567.9,13847.7,23928.7,62481.4,65064.0,72810.4,31146.4,19597.8,59586.2,63710.8,17448.8,31454.7,31645.4,50494.3,45907.5,57791.3,28442.3,40336.5,33734.8,34545.0,34364.0,47854.4,10251.9,52766.3,47799.2,41549.7,21018.3,62444.0,55266.0,59382.1,60668.4,19206.3,31747.1
23,28479.5,46856.1,34101.2,18899.0,15564.2,15532.5,20235.4,30027.3,24551.2,13974.4,3360.3,23827.5,3366.4,31156.5,13651.1,15848.9,12537.0,44637.8,47043.6,16142.4,44242.7,32376.2,48256.7,0.0,3451.0,21095.7,22883.1,36368.1,25481.9,45704.5,32376.2,21065.5,18533.4,31019.2,48023.1,35165.3,20765.7,40193.1,34250.9,27361.6,40349.4,15334.0,20297.8,43450.8,33936.8,36131.1,41429.4,33323.3,22916.1,35751.1,37810.5,18754.0,21092.4,31850.2,36565.4,37035.4,45701.4,51552.0,46247.3,20288.1,30142.6,14043.9,52218.8,46795.8,18520.1,28350.5,33714.3,20121.8,22496.6,32652.6,29355.9,15089.9,35765.7,37144.1,3493.7,38089.0,25209.5,31019.2,9671.9,42930.3,50951.9,43774.0,51880.8,22873.4,40964.8,28277.2
24,27707.9,44646.2,37692.2,22490.0,19155.2,14761.0,21768.2,29255.7,21102.0,17565.5,258.2,27804.6,344.7,30385.0,17242.1,13639.0,16514.1,48228.8,44833.8,13932.6,43471.2,31604.7,47485.2,3591.0,0.0,25072.8,22111.5,34158.2,24710.3,44933.0,31604.7,20293.9,20239.6,30247.7,45813.2,38756.3,23086.0,39421.5,38228.0,26590.0,51131.6,18925.0,19526.3,54232.9,33165.2,35359.6,45020.4,32551.8,26893.2,34979.6,37038.9,17982.5,24509.2,31078.6,35793.8,36263.9,44929.8,50780.4,55258.9,19516.6,27932.7,17634.9,51447.2,44585.9,17748.5,27578.9,32942.8,21654.6,24816.9,30442.7,28584.3,14318.3,34994.2,36372.5,435.2,37317.4,24845.8,30247.7,8900.4,42158.7,50180.4,43002.5,51109.3,25193.7,40193.2,27505.7
25,41683.2,68812.0,36481.2,15405.7,16071.0,36448.0,30796.4,37517.6,46507.1,16645.1,25077.4,9343.5,24734.6,55222.3,17406.0,37804.8,9182.6,47009.4,68999.6,38098.4,68308.5,39866.5,72322.5,21062.3,24819.2,0.0,47109.2,58324.0,38619.6,69770.3,39866.5,41981.0,21289.1,38046.8,69979.0,34703.0,23521.4,64258.9,14087.2,51427.4,39887.2,16112.8,44072.2,42988.5,40168.7,48593.4,29751.4,40813.6,4173.0,59816.9,43066.0,39669.5,17738.0,45349.6,60631.1,60336.7,37616.0,45582.8,45785.0,44540.3,52098.5,16714.6,46121.8,68751.7,39435.6,41554.2,39626.5,30682.8,21864.1,54608.5,36846.2,36005.4,54348.1,65103.8,25449.6,62154.7,27965.2,38046.8,30587.4,65265.6,49472.3,53180.9,61287.7,25629.1,65030.5,39582.7
26,5258.5,36300.4,44917.5,37233.9,32792.3,8081.2,18622.4,11723.2,26680.0,32043.8,22324.1,43824.9,22330.2,11436.1,32660.4,20257.3,35840.3,48689.9,36488.0,19788.3,24522.3,9130.8,28536.3,23303.3,22414.7,47720.5,0.0,25812.4,10394.3,25984.1,9130.8,10973.5,26424.9,20326.2,36519.8,36919.6,26870.6,20472.7,58172.8,7641.2,41210.1,32562.1,3534.2,44311.5,13688.9,14863.7,57800.5,10649.8,49357.7,16030.7,14473.6,5820.4,45255.0,2206.1,16844.9,15768.0,35008.4,40859.0,45337.5,4630.5,19586.9,32113.2,41525.8,36240.1,5733.7,5129.5,23021.3,18434.5,30318.3,30373.1,12160.3,8337.8,14498.3,15876.6,22457.4,18368.5,25293.3,20326.2,16152.7,23209.9,40258.9,33081.0,41187.8,33195.4,21244.4,5231.2
27,29042.3,10488.0,69658.4,55295.0,51960.3,29553.5,43363.3,37167.3,14754.4,50370.5,33868.2,60966.6,34989.4,20364.8,50047.2,20988.7,49676.1,73430.8,10675.6,20519.7,30232.4,34574.9,18946.3,36396.1,34240.4,58234.8,25811.4,0.0,35135.2,12529.9,34574.9,22523.6,51165.7,45067.1,10707.4,61660.5,51611.5,26336.2,82913.6,22602.1,65951.0,51730.1,27295.7,69052.4,39133.0,39604.6,82541.4,36093.9,60055.1,17613.5,39917.7,26949.7,57914.2,27835.8,18565.6,31830.3,59749.3,65599.8,70078.3,28483.8,6225.5,50440.0,66266.7,10427.7,27530.0,28913.3,47762.2,43175.4,55059.2,10454.9,37604.4,29810.1,39239.2,42265.6,33588.6,20824.8,50034.1,45067.1,37625.0,28919.9,64999.8,57821.9,65928.7,57936.3,27107.9,29015.0
28,5053.4,43456.8,36325.7,28167.0,23725.4,11597.3,8415.3,4732.5,29343.6,22976.9,24409.4,34758.0,24415.5,18592.5,23593.5,22921.0,37925.7,40098.1,43644.4,22451.9,31678.7,7081.5,35692.7,25388.7,24500.1,38653.6,10479.5,32968.8,0.0,33140.5,7081.5,13637.2,17358.0,11734.4,43676.2,28327.8,17803.7,27629.1,49580.9,14797.6,32618.3,23495.2,7442.5,35719.7,7383.7,15808.4,49208.7,8028.6,40290.8,23187.1,10280.9,9336.5,47340.4,8719.8,24001.4,23706.9,26416.6,32267.1,36745.7,7910.5,26743.3,23046.3,32934.0,43396.5,9242.3,4924.4,14429.5,8227.4,21251.4,33036.8,4061.2,11853.8,22437.2,23815.6,24542.8,25525.0,15086.1,11734.4,20039.6,28635.8,31667.1,24489.2,32596.0,19075.8,28400.8,4851.2
29,30345.7,12686.8,70961.9,63278.3,58836.6,32049.6,44666.8,38470.8,27690.6,58088.1,40835.2,69869.2,46298.6,16377.0,58704.7,27955.7,59808.7,82176.7,14348.2,27486.7,18230.9,35878.4,6836.8,47271.7,46383.1,73764.9,27114.9,13019.5,36438.6,0.0,35878.4,22242.0,52469.2,46370.6,13760.5,62964.0,52915.0,14334.7,84217.1,20382.3,67254.5,58606.5,28621.5,70355.8,40436.5,36538.2,83844.9,37397.4,70187.8,13519.2,49281.3,29445.7,69223.4,29139.2,12419.1,19828.8,61052.7,60964.1,75925.8,29717.8,13192.5,58157.6,59610.9,13480.8,30026.1,30216.8,49065.7,44478.9,56362.7,23391.0,38907.9,32306.2,30445.1,30264.1,40555.6,8823.3,51337.6,46370.6,40121.1,16918.4,58344.1,51166.1,55282.2,59239.8,15106.4,30318.4
30,14208.3,44883.8,34451.1,29410.3,24968.6,15459.4,9684.6,2620.1,35263.3,24220.1,32998.9,36001.2,33005.0,20019.5,24836.7,28840.7,36291.4,38223.4,45071.4,28371.7,31490.0,0.0,37119.7,33978.1,33089.5,39896.9,9469.5,34395.8,7114.4,34567.5,0.0,19556.9,18601.2,6594.4,45103.1,26453.2,19047.0,29056.0,47706.3,16224.5,30743.7,24738.5,10912.4,33845.0,4585.8,9326.5,47334.1,1546.8,41534.0,24614.1,5370.5,13198.6,44846.8,7610.0,25428.3,18635.1,24541.9,30392.5,34871.0,12008.7,28170.3,24289.6,28444.9,44823.5,13111.9,14079.3,12585.8,9496.7,22494.7,38956.5,3057.2,15716.0,15081.2,14308.4,33132.2,26951.9,16355.4,6594.4,28629.1,29754.1,27178.0,20000.1,28106.9,20345.1,29827.7,12609.3
31,9778.1,33011.8,48500.2,40526.7,36085.1,5959.6,21915.2,18232.5,15706.4,35336.6,22163.2,47117.7,20223.0,12426.1,34847.2,9283.8,33733.1,52272.5,33199.3,8814.8,27897.1,19704.6,31911.1,21196.1,20307.5,42291.9,10941.1,22523.7,13687.1,29358.8,19704.6,0.0,29717.7,23908.9,33231.1,40502.3,30163.5,23847.4,61755.4,11015.9,44792.8,35854.9,6982.5,47894.1,24262.6,22815.8,61383.2,21223.6,44112.2,16181.5,25047.3,6636.5,43147.8,9646.0,20219.7,21285.3,38591.0,44441.6,48920.1,8170.6,16298.3,35406.0,45108.4,32951.4,7216.8,9649.1,26604.0,21727.3,33611.1,19399.6,17561.1,6230.6,22450.4,23828.8,21883.7,21743.3,28586.1,23908.9,14045.5,26584.6,43841.6,36663.7,44770.5,33118.1,24619.1,9750.8
32,20394.1,58797.5,23033.5,10809.0,6367.4,20962.1,9507.2,16228.4,36803.4,5618.9,19439.5,17400.0,19445.6,33933.2,6235.5,28101.0,17690.2,33570.1,58985.1,28394.6,47019.4,18577.4,51033.4,18566.9,19530.2,21295.7,25820.1,48309.5,17330.5,48481.2,18577.4,28977.8,0.0,16757.7,59016.8,24097.6,5209.2,42969.7,24048.0,30138.2,29281.8,6137.3,22783.1,32383.1,18879.6,27304.3,32232.6,19524.5,22932.8,38527.7,21776.8,24677.1,26245.6,24060.5,39342.0,39047.6,27010.6,26586.5,35179.6,23251.2,42084.0,5688.3,29198.4,58737.2,24583.0,20265.1,18337.4,9393.6,6940.0,44904.7,15557.0,20519.5,33058.9,43814.7,19572.8,40865.6,6676.0,16757.7,21446.8,43976.5,39069.7,31891.8,39998.6,7316.8,43741.4,18293.5
33,15097.1,55641.7,29984.7,27535.1,23093.5,21640.9,7809.4,4946.2,39387.3,22345.0,28848.1,34126.1,28854.2,30777.3,22961.6,34739.7,34416.3,33757.1,55829.2,35033.2,45690.5,6515.0,47877.6,29827.3,28938.7,38021.7,20227.4,45153.6,12099.5,45325.3,6515.0,23680.9,16726.1,0.0,55861.0,21986.8,17171.9,39813.9,43239.9,26982.4,26277.3,22863.3,17486.1,29378.7,2846.6,14040.1,42867.7,7462.1,39658.9,35371.9,6867.8,19380.2,42971.7,18467.8,36186.2,33454.8,20075.6,16995.6,30404.6,17954.2,38928.2,22414.4,24578.9,55581.4,19286.0,14968.1,6816.3,7621.5,20619.6,43080.5,5528.1,21897.5,19794.8,28057.0,28981.4,37709.8,14480.3,0.0,24478.3,43954.6,23312.0,16134.1,24240.9,18364.5,40585.6,14894.8
34,39754.6,1319.8,80370.7,66007.3,62672.6,40265.8,54075.6,47879.6,25466.7,61082.8,44580.4,71678.9,45701.7,28625.9,60759.5,31701.0,60388.3,84143.0,1064.5,31232.0,30479.8,45287.2,17752.4,47108.4,44952.7,68947.1,36523.7,10712.3,45847.4,13805.1,45287.2,33235.9,61878.0,55779.4,0.0,72372.8,62323.8,26583.6,93625.9,32631.2,76663.3,62442.4,38008.0,79764.6,49845.3,48787.1,93253.7,46806.2,70767.4,25768.1,50630.0,37662.0,68626.5,38548.0,24668.0,32077.7,70461.5,73213.0,80790.6,39196.1,16937.8,61152.3,71859.8,279.7,38242.3,39625.6,58474.5,53887.7,65771.5,19496.0,48316.7,40522.4,42694.0,42513.0,44300.9,21072.2,60746.4,55779.4,48337.3,29167.3,70593.0,63415.0,67531.1,68648.6,27355.3,39727.2
35,31373.1,71917.7,7442.4,28048.9,22140.4,37917.0,20250.5,23588.6,55663.3,22714.6,45124.1,29712.7,45130.3,47053.4,23475.4,51015.8,34930.1,14700.3,72105.3,51309.3,59931.7,25937.6,64153.6,36553.4,45214.8,34745.1,36503.4,61429.7,28375.5,61601.4,25937.6,39956.9,24055.3,21821.5,72137.1,0.0,19822.8,56090.0,27439.4,43258.5,7406.5,22182.3,33762.2,10507.8,24470.5,34664.5,27426.8,26884.7,37679.0,51648.0,27489.4,35656.2,43485.5,34743.8,52462.2,49730.9,3177.3,11576.2,13304.3,34230.2,55204.2,22784.1,12115.1,71857.4,35562.0,31244.2,16018.3,20555.6,17628.1,59356.5,22917.3,38173.6,44151.5,42298.3,45257.5,53985.9,18994.9,21821.5,40754.4,58195.8,15465.7,23204.4,27787.1,19038.1,56861.7,31170.9
36,20891.0,59294.4,18568.5,13041.3,8599.7,19862.0,10004.2,16725.4,40109.2,7851.2,22745.4,19632.3,22751.5,34430.1,8467.8,31406.9,19922.5,29105.1,59482.0,31700.4,47516.3,19074.3,51530.3,20799.2,22836.0,23527.9,26317.1,48806.4,17827.4,48978.1,19074.3,29474.8,4981.0,17254.7,59513.8,19632.6,0.0,43466.7,30182.2,30635.2,24816.8,8369.5,23280.0,27918.1,19376.5,27801.2,29809.9,20021.4,25165.1,39024.7,22273.8,25174.1,28477.9,24557.4,39838.9,39544.5,18684.4,21616.7,30714.7,23748.1,42580.9,7920.6,24228.6,59234.1,25079.9,20762.0,17049.9,9890.6,5972.6,48874.4,16054.0,19682.1,33555.9,44311.6,22878.7,41362.6,4402.4,17254.7,24752.6,44473.4,27579.2,32388.7,40495.6,2347.1,44238.4,18790.5
37,23532.3,25799.7,64148.5,56464.8,52023.2,25236.2,37853.4,31657.4,34447.9,51274.7,39479.1,63055.8,39485.2,9628.6,51891.3,28025.3,52995.3,70728.8,27461.1,27556.2,2364.1,29065.0,18439.4,40458.3,39569.7,66951.5,20301.5,26132.5,29625.2,13468.3,29065.0,23920.8,45655.8,39557.2,26873.4,56150.6,46101.6,0.0,77403.7,13568.9,60441.1,51793.1,21808.1,63542.4,33623.1,18700.9,77031.5,30584.0,63374.4,11586.8,37833.3,22632.3,62410.0,22325.8,10486.7,5471.9,54239.3,49516.1,64477.8,22904.4,26482.9,51344.2,48163.0,26593.7,23212.7,23403.3,42252.3,37665.5,49549.3,36503.9,32094.5,25492.8,13580.1,18816.2,39612.4,7302.5,44524.2,39557.2,33307.7,4245.4,46896.1,39718.2,43834.2,52426.4,2509.5,23505.0
38,52054.2,92598.8,23275.6,20360.3,18835.4,43112.4,33560.8,44269.7,59609.9,19409.6,38180.1,7063.8,37837.3,67734.5,20170.4,50907.5,18581.0,33803.8,92786.4,51201.1,86666.0,46618.7,84834.7,34165.0,37921.9,14121.1,57184.5,82110.8,49056.6,82282.5,46618.7,60638.0,24053.6,42502.6,92818.2,27695.7,29524.7,76771.0,0.0,63939.5,32879.9,18877.2,54443.3,34529.4,45151.6,55345.6,10780.3,47565.8,11978.8,72329.1,48170.5,56337.3,23469.0,55424.9,73143.3,70412.0,30343.6,38310.5,36755.7,54911.3,75885.3,19479.0,38849.4,92538.5,56243.1,51925.2,36699.4,33447.2,26446.9,67711.2,43598.3,42669.8,70885.7,69032.5,38552.3,74666.9,34252.1,42502.6,43690.1,84930.1,42199.9,49938.6,54521.3,28739.9,77542.7,51852.0
39,10815.8,31552.2,51432.0,43748.4,39306.7,12519.7,25136.9,18940.9,26910.7,38558.2,26762.6,50339.3,26768.7,4672.8,39174.8,20488.1,40278.8,55204.3,33213.6,20019.1,17759.0,16348.5,21773.0,27741.8,26853.2,54235.0,7585.0,22590.7,16908.7,19220.8,16348.5,11204.3,32939.3,26840.7,32625.9,43434.1,33385.1,13709.4,64687.2,0.0,47724.6,39076.6,9091.6,50825.9,20906.6,17875.1,64315.0,17867.5,50657.9,9267.4,21691.3,9915.8,49693.5,9609.3,10081.7,10761.9,41522.8,47373.4,51851.9,10187.9,16365.2,38627.7,48040.2,32346.3,10496.2,10686.8,29535.8,24949.0,36832.8,30603.9,19378.0,12776.3,17509.7,18888.0,26895.9,11605.3,31807.7,26840.7,20591.2,16446.6,46773.4,39595.5,47702.3,39709.9,14481.1,10788.5
40,35808.9,76353.5,12501.7,33108.3,27199.8,42352.7,24686.2,28024.4,60099.1,27774.0,49559.9,34772.0,49566.0,51489.2,28534.8,55451.5,39989.5,8128.2,76541.0,55745.0,61540.8,30373.3,68589.4,41612.8,49650.6,39804.4,40939.2,65865.5,32811.3,66037.2,30373.3,44392.7,29114.7,26257.3,76572.8,7299.0,24882.2,61132.2,32498.8,47694.2,0.0,27241.6,38197.9,3749.8,28906.2,39100.2,32486.2,31320.5,42738.4,56083.7,31925.2,40092.0,48544.9,39179.6,56898.0,54166.7,6816.7,13185.2,6546.3,38666.0,59640.0,27843.4,13724.2,76293.2,39997.8,35679.9,20454.0,24991.3,22687.5,63792.3,27353.0,42609.3,45760.5,43907.3,49693.2,58421.6,22634.4,26257.3,45190.1,59804.9,17074.7,24813.4,29396.1,22001.8,61297.4,35606.7
41,26763.8,65167.3,19744.9,7060.1,1445.3,25428.6,15877.0,22598.2,39969.0,1725.8,18778.2,12240.6,18784.3,40302.9,2486.6,31266.7,13941.3,30281.5,65354.8,31560.3,53389.1,24947.1,57403.2,15564.6,18868.8,16136.2,32189.9,54679.2,23700.2,54850.9,24947.1,35347.6,6369.8,23127.5,65386.6,20809.0,8602.0,49339.5,18888.5,36508.0,25993.2,0.0,29152.9,29094.6,25249.3,33674.0,27073.2,25894.3,17773.4,44897.5,28146.6,31046.9,22496.7,30430.3,45711.8,45417.3,23722.0,31688.9,31891.1,29620.9,48453.8,1795.2,32227.8,65106.9,30952.7,26634.8,24707.2,15763.4,7970.1,48070.4,21926.8,24986.0,39428.7,50184.5,18911.5,47235.4,13045.8,23127.5,25089.7,50346.2,35578.3,38261.5,46368.4,10709.7,50111.2,24663.3
42,3858.9,37576.8,42581.0,34607.5,30165.9,4710.9,15996.0,12313.3,22457.3,29417.4,18953.8,41198.5,18959.9,13225.5,30034.0,16034.7,32470.0,46353.3,37764.3,15565.6,26311.7,11878.3,30325.7,19933.0,19044.4,45094.1,3648.6,27088.7,7767.9,27773.5,11878.3,6750.9,23798.5,17989.7,37796.1,34583.1,24244.3,22262.0,55836.2,9430.5,38873.6,29935.7,0.0,41974.9,14964.4,16896.6,55464.0,13397.3,42849.1,17820.0,17221.0,2450.2,41884.7,3726.8,18634.3,17800.9,32671.8,38522.4,43000.9,2328.0,20863.3,29486.8,39189.2,37516.4,3030.5,3729.9,20684.8,15808.1,27691.9,26150.5,11641.9,4967.5,16531.2,17909.6,19087.1,20157.9,22666.9,17989.7,12782.4,24999.2,37922.4,30744.5,38851.3,27198.9,23033.7,3831.6
43,38741.7,79286.3,11736.3,36041.1,30132.6,45285.5,27619.0,30957.2,63031.9,30706.8,52492.7,37704.8,52498.8,54421.9,31467.6,58384.3,42922.2,7096.8,79473.8,58677.8,64473.5,33306.1,71522.2,44545.6,52583.3,42737.2,43872.0,68798.2,35744.1,68969.9,33306.1,47325.4,32047.5,29190.0,79505.6,10231.8,27814.9,64065.0,35431.5,50627.0,3733.9,30174.4,41130.7,0.0,31839.0,42033.0,35419.0,34253.2,45671.1,59016.5,34857.9,43024.8,51477.7,42112.4,59830.8,57099.4,9749.5,16118.0,4253.3,41598.8,62572.8,30776.2,16656.9,79225.9,42930.6,38612.7,23386.8,27924.1,25620.2,66725.0,30285.8,45542.1,48693.3,46840.0,52626.0,61354.4,25567.1,29190.0,48122.9,62737.6,20007.5,27746.2,32328.9,24934.5,64230.2,38539.4
44,12269.5,49255.0,32710.3,29675.6,25234.0,18813.3,9949.9,2740.6,36559.6,24485.4,32920.6,36266.5,32926.7,24390.7,25102.0,38812.2,36556.7,36482.7,49442.6,29668.0,34111.1,4422.4,41490.9,33899.8,33011.3,40162.2,13840.7,38767.0,7379.7,38938.7,4422.4,20853.2,18866.5,2841.2,49474.4,24712.4,19312.3,33427.3,45965.6,20595.7,29002.9,25003.8,15283.6,32104.3,0.0,11947.6,45593.3,5369.5,41799.3,28985.3,4775.3,16552.5,45112.1,11981.2,29799.5,23006.3,22801.2,19589.0,33130.3,15126.6,32541.5,24554.9,24803.4,49194.7,16458.4,12140.5,10438.5,9762.0,22760.0,40252.8,3322.5,19069.9,17702.2,22110.0,33053.9,31323.1,16620.7,2841.2,28550.8,32375.2,23536.6,16358.6,24465.5,20610.4,34198.9,12067.2
45,17862.9,46395.1,43234.9,38194.0,33752.4,20685.6,18468.3,11403.9,40270.8,33003.9,34928.5,44785.0,34934.6,20882.5,33620.5,33848.1,45075.2,51021.8,48056.5,33379.1,22590.3,9463.1,39034.7,35907.7,35019.2,48680.7,14476.9,39403.2,15898.1,34063.7,9463.1,24564.3,27385.0,15378.2,47468.8,35237.0,27830.8,22181.8,56490.1,17512.1,39527.5,33522.3,16138.6,42628.8,13369.6,0.0,56117.9,7947.2,50317.8,25140.5,12072.7,18424.9,53630.6,15118.6,31082.0,13728.8,33325.7,29809.1,44770.8,17235.0,33177.7,33073.3,28456.0,47189.1,18338.1,17733.9,21369.6,18280.5,31278.5,43963.9,11841.0,20942.2,6181.5,4981.9,35061.8,27897.8,25139.2,15378.2,28757.1,20854.4,27189.1,20011.2,24127.2,29128.9,24724.4,17835.6
46,52360.2,92904.8,23756.2,28455.2,26930.3,51207.3,41655.7,44575.7,65747.7,27504.5,44556.9,20412.8,44563.0,68040.5,28265.3,57045.4,35336.4,28813.2,93092.4,57339.0,87146.5,46924.7,85140.7,41343.3,44647.5,29684.7,57490.5,82416.8,49362.6,82588.5,46924.7,60944.0,32148.5,42808.6,93124.2,28176.2,29830.6,77077.0,10722.3,64245.5,33360.4,26972.1,54749.3,35009.9,45457.6,55651.5,0.0,47871.8,28379.1,72635.1,48476.5,56643.3,43891.8,55730.9,73449.3,70718.0,30824.1,38791.0,37236.2,55217.3,76191.3,27573.9,39329.9,92844.5,56549.1,52231.2,37005.4,41542.1,26752.9,73849.1,43904.3,50764.7,69448.3,69513.0,44690.2,74972.9,34558.1,42808.6,50868.4,85410.6,42680.5,50419.2,55001.9,29045.9,77848.7,52158.0
47,12991.1,46498.8,35438.0,30397.2,25955.6,17074.4,10671.5,3607.1,36878.4,25207.0,33985.8,36988.1,33991.9,21634.5,25823.7,30455.7,37278.3,39210.4,46686.4,29986.7,29943.3,1666.2,38734.7,34965.0,34076.4,40883.8,11084.5,36010.8,8101.3,36182.5,1666.2,21171.9,19588.1,7581.3,46718.2,27440.1,20033.9,29534.7,48693.2,17839.6,31730.6,25725.4,12527.4,34832.0,5572.7,7779.8,48321.0,0.0,42520.9,26229.1,4275.8,14813.6,45833.8,9225.0,27043.3,20468.2,25528.9,31379.4,35857.9,13623.7,29785.3,25276.5,27876.6,46438.5,14726.9,12862.1,13572.7,10483.6,23481.6,40571.5,4044.1,17331.0,13534.4,12761.7,34119.1,28566.9,17342.3,7581.3,29616.0,28207.4,26609.8,19431.8,27538.7,21332.0,32077.3,12788.8
48,43327.9,70325.9,33557.2,16919.5,17715.6,37961.8,32441.0,39162.2,48021.0,18289.8,26591.2,8052.4,26248.4,53585.9,19050.6,39318.7,10696.4,44085.3,70513.4,39612.2,66672.1,41511.2,70686.1,22576.1,26333.0,4180.5,48753.9,59837.8,40264.3,68133.9,41511.2,43494.8,22933.8,39691.5,71492.8,37977.2,25166.1,62622.4,12054.2,49790.9,43161.4,17757.5,42727.2,44810.9,41813.4,50238.1,28516.6,42458.3,0.0,58180.5,44710.7,41183.4,11490.3,46994.3,58994.7,61981.4,40625.1,48592.0,47037.2,46185.0,53612.4,18359.3,49130.9,70265.5,40949.4,43198.9,41271.2,32327.4,23508.8,56122.3,38490.9,37519.2,55992.8,66748.5,26963.4,60518.3,29609.8,39691.5,32101.3,65359.6,52481.5,54825.6,62932.4,27273.8,63394.1,41227.4
49,19229.5,24597.9,59845.6,52162.0,47720.4,20933.3,33550.5,27354.5,29088.1,46971.8,35176.2,58753.0,35182.3,5260.7,47588.5,22388.1,48692.4,63618.0,26259.3,21919.0,16068.6,24762.1,14818.7,36155.4,35266.9,62648.6,15998.7,17590.6,25322.4,12266.5,24762.1,16164.4,41352.9,35254.3,25671.6,51847.7,41798.7,11176.6,73100.8,9266.1,56138.2,47490.2,17505.2,59239.6,29320.2,25515.1,72728.6,26281.2,59071.5,0.0,30104.9,18329.5,58107.1,18023.0,1211.1,12691.6,49936.5,55787.0,60265.6,18601.5,15132.8,47041.3,56453.9,25391.9,18909.8,19100.5,37949.4,33362.6,45246.4,27962.1,27791.6,21189.9,25149.7,28101.9,35309.5,4650.9,40221.4,35254.3,29004.8,14756.2,55187.0,48009.1,53119.9,48123.5,11948.3,19202.2
50,15156.1,59257.9,35151.2,32562.2,28120.6,20825.8,12836.5,5627.2,40629.8,27372.1,36150.8,39153.2,36156.9,25385.9,27988.7,34207.2,39443.4,38923.5,60919.3,33738.1,35453.1,5417.6,51897.5,37130.1,36241.5,43048.9,14836.0,39762.2,10266.3,46926.4,5417.6,24923.3,21753.2,6920.4,50469.6,27153.3,22199.0,35044.6,48406.4,21591.0,31443.8,27890.4,16278.8,34545.1,4911.8,9063.5,48034.2,4523.7,44686.0,29980.5,0.0,18565.1,47998.8,12976.5,30794.8,22365.5,25242.0,19716.5,35571.1,17375.1,33536.7,27441.5,24965.1,50189.9,18478.3,15027.1,10566.1,12648.6,25646.7,44323.0,6209.2,21082.4,14818.2,17819.6,36284.2,32318.4,19507.4,6920.4,31781.1,33717.2,23698.3,16520.3,22004.1,23497.0,37587.2,14953.9
51,6208.8,37377.6,44930.9,33039.7,28598.1,3373.6,18345.9,14663.2,22258.1,27849.6,17616.4,39630.7,17622.5,13661.4,32246.8,15835.5,31132.7,48703.2,37565.1,15366.4,26747.6,13411.1,30761.6,18595.7,17707.1,39691.4,5181.4,26889.5,10117.8,28209.4,13411.1,6551.7,26148.4,20339.6,37596.9,36933.0,26594.1,22697.9,58186.1,9866.4,41223.5,28367.9,2596.2,44324.8,17314.3,18429.5,57813.9,14930.2,41511.8,18255.9,18753.9,0.0,40547.4,5259.7,19070.2,19333.8,35021.7,40872.3,45350.8,1690.0,20664.1,27919.0,41539.1,37317.2,744.6,6079.8,23034.7,18158.0,30041.8,25951.3,13991.8,3630.2,18064.1,19442.4,17749.8,20593.8,25016.8,20339.6,11445.1,25435.1,40272.3,33094.3,41201.2,29548.8,23469.6,6181.5
52,50326.8,68212.7,40993.5,15387.2,22456.5,37379.8,35700.6,42421.8,45907.8,20866.7,24478.0,20454.6,24135.2,53003.8,21133.7,37205.5,9164.0,51530.1,68400.2,37499.0,66090.0,44770.7,70104.0,21043.8,24219.8,17722.7,44730.4,57724.6,47329.2,67551.8,44770.7,42912.8,26193.4,42951.1,69379.6,42057.6,28425.6,62040.4,23334.2,49208.9,47241.8,22226.3,42145.1,50343.1,45072.9,53497.6,43919.4,45717.9,11796.8,57598.4,47970.2,40601.3,0.0,53697.5,58412.7,58882.7,44970.5,52937.4,53139.6,42135.4,51499.2,20936.2,53476.3,68152.3,40367.4,50197.8,44530.7,35587.0,30156.5,54009.1,41750.4,36937.2,57613.0,58991.4,24850.3,59936.3,32869.4,42951.1,31519.2,64777.6,56826.9,58085.1,66192.0,30533.3,62812.1,50124.6
53,5023.1,38268.1,43420.6,35737.0,31295.4,7845.8,17282.1,10217.7,25592.1,30546.9,22088.6,42328.0,22094.7,13403.8,31163.5,19169.5,35604.9,47193.0,38455.7,18700.5,26490.0,7625.3,30504.0,23067.9,22179.3,46223.6,2269.1,27780.1,8897.4,27951.8,7625.3,9885.7,24928.0,18829.3,38487.5,35422.7,25373.8,22440.4,56675.9,9608.9,39713.3,31065.2,3298.8,42814.6,12183.3,15991.1,56303.6,9144.3,47860.8,17998.4,12968.0,5585.0,45019.6,0.0,18812.7,16895.4,33511.5,39362.1,43840.6,4395.1,21554.7,30616.3,40028.9,38207.8,5498.3,4894.1,21524.4,17094.2,28821.4,29285.3,10654.7,8102.4,15625.7,17004.0,22222.0,20336.3,23952.9,18829.3,15917.2,21824.3,38762.1,31584.1,39690.9,31698.5,23212.1,4995.7
54,20024.6,23497.8,60640.7,52957.1,48515.5,21728.4,34345.6,28149.6,30040.2,47766.9,35971.3,59548.1,35977.4,6055.8,48383.6,23340.2,49487.5,64413.1,25159.2,22871.1,14968.5,25557.2,13718.6,36950.5,36061.9,63443.7,16793.8,18542.7,26117.5,11166.4,25557.2,20413.0,42148.0,36049.4,24571.5,52642.8,42593.8,11072.3,73895.9,10061.2,56933.3,48285.3,18300.3,60034.7,30115.3,26310.2,73523.7,27076.3,59866.6,1211.1,30900.0,19124.6,58902.2,18818.1,0.0,13486.7,50731.6,56582.1,61060.7,19396.6,16084.9,47836.4,57249.0,24291.8,19704.9,19895.6,38744.5,34157.7,46041.5,28914.2,28586.7,21985.0,27182.7,27001.7,36104.6,3550.8,41016.5,36049.4,29799.9,13656.0,55982.1,48804.2,52019.8,48918.6,11844.0,19997.3
55,19119.3,31317.0,57867.3,50183.7,45742.1,21942.1,31572.2,21410.0,33301.0,44993.6,36184.9,56774.7,36191.0,8481.7,45610.2,26878.4,49701.2,61639.7,32978.4,26409.3,6563.5,18817.6,23956.6,37164.2,36275.6,60670.3,15733.4,31649.7,23344.1,18985.6,18817.6,21508.7,39374.7,33276.0,32390.7,49869.4,39820.5,5554.5,71122.6,10796.9,54160.0,45511.9,17395.1,57261.3,23375.6,14156.0,70750.3,20549.2,62307.5,12836.1,24160.3,19681.3,59115.9,16375.1,16003.9,0.0,47958.2,42405.1,58287.3,18491.4,25729.7,45063.0,41052.0,32111.0,19594.6,18990.3,35971.1,31384.3,43268.1,42021.2,21847.0,22198.6,9035.2,10413.5,36318.3,12819.7,38243.1,33276.0,30013.5,5010.3,39785.1,32607.2,36723.2,46145.2,7962.4,19092.0
56,29627.3,70171.9,12842.8,33700.1,27791.6,36171.2,18504.6,21842.8,53917.5,28365.8,43378.3,35113.1,43384.4,45307.6,29126.6,49269.9,40581.3,14302.8,70359.5,49563.5,56946.8,24191.7,62407.8,44357.5,43469.0,40396.3,34757.6,59683.9,26629.7,59855.6,24191.7,38211.1,27314.6,20075.7,70391.3,3327.7,18818.8,56538.3,32839.8,41512.6,6823.1,27833.4,32016.4,9924.4,22724.6,38901.7,32827.2,25138.9,43079.4,49902.2,25743.6,33910.4,49136.7,32998.0,50716.4,47985.1,0.0,8591.3,13262.7,32484.4,53458.4,28435.2,9130.2,70111.6,33816.2,29498.3,14272.5,18809.7,23279.3,57610.7,21171.4,36427.7,41166.6,39313.4,43511.6,52240.0,17421.9,20075.7,39008.5,55210.9,12480.8,20219.5,24802.2,16789.3,55115.8,29425.1
57,29073.7,71961.3,18388.7,39246.0,33337.5,35617.6,21255.4,24593.5,53363.9,33911.7,42824.7,40659.0,42830.8,44754.0,34672.5,48716.3,46127.2,20469.7,73622.7,49009.9,48156.5,26942.4,64601.0,43804.0,42915.4,45942.2,34204.0,59130.3,26076.1,59629.9,26942.4,37657.5,26138.3,16669.7,73035.0,13436.7,21396.7,47748.0,38385.7,40959.0,12990.0,33379.4,31462.8,16091.3,19319.9,30111.4,38373.2,27889.6,48625.3,49348.6,18768.0,33356.8,54682.6,32444.4,50162.8,42149.4,8479.6,0.0,17109.1,31930.8,52904.8,33981.2,1907.9,72755.3,33262.6,28944.7,12392.5,21560.4,28825.2,57057.1,23922.1,35874.2,32376.3,30523.0,42958.1,53464.0,19999.8,16669.7,38455.0,46420.6,5444.8,11429.2,17766.2,19367.2,50290.6,28871.5
58,39722.4,86139.6,14088.5,38855.5,32947.0,46266.2,28599.7,31937.8,64012.5,33521.2,53473.3,39049.9,53479.5,55402.6,34282.0,59365.0,45736.7,6445.7,80454.5,59658.5,62334.8,34286.8,72502.8,54452.6,53564.0,45551.7,44852.7,69778.9,36724.7,73808.2,34286.8,48306.1,37409.6,30170.7,80486.3,13046.2,30629.4,61926.3,36776.6,51607.7,6822.0,32988.9,42111.4,4082.6,32819.7,44289.7,36764.1,35233.9,47016.2,59997.2,35838.6,44005.4,54292.1,43093.0,60811.4,58080.1,12382.2,17098.7,0.0,42579.4,63553.4,33590.7,17637.6,80206.6,43911.3,39593.4,24367.5,28904.8,28434.7,67705.7,31266.5,46522.8,46554.6,44701.4,53606.7,62335.1,28979.6,30170.7,49103.6,60598.9,18613.4,25607.5,30197.6,28347.0,64468.9,39520.1
59,4658.5,38128.0,43380.5,35407.1,30965.5,5262.2,16795.6,13112.9,23008.5,30216.9,19505.0,41998.0,19511.1,14411.8,30833.6,16585.9,33021.3,47152.9,38315.5,16116.9,27498.0,12736.8,31512.0,20484.3,19595.7,41580.0,4507.1,27640.0,8567.5,28959.8,12736.8,7302.1,24598.0,18789.3,38347.3,35382.7,25043.8,23448.3,56635.8,10616.8,39673.2,30735.3,1921.8,42774.5,15764.0,17755.1,56263.5,14255.8,43400.3,19006.4,18079.5,1710.8,42436.0,4585.3,19820.6,18659.4,33471.4,39322.0,43800.5,0.0,21414.5,30286.4,39988.8,38067.7,1831.8,4529.5,21484.3,16607.7,28491.5,26701.7,12441.5,5518.7,17389.7,18768.1,19638.3,21344.2,23466.4,18789.3,13333.6,26185.5,38722.0,31544.0,39650.8,27998.4,24220.0,4631.2
60,22816.8,16713.5,63432.9,49069.6,45734.8,23328.1,37137.8,30941.9,14199.1,44145.1,27642.7,54741.1,28763.9,17501.0,43821.7,14763.3,43450.6,67205.3,16901.1,14294.2,31178.6,28349.5,19528.9,30170.6,28014.9,52009.3,19586.0,6225.5,28909.7,13260.3,28349.5,16298.2,44940.3,38841.6,16932.8,55435.1,45386.1,27282.4,76688.2,16376.6,59725.6,45504.7,21070.3,62826.9,32907.5,33379.1,76315.9,29868.5,53829.6,15155.7,33692.2,20724.2,51688.8,21610.3,16107.8,25729.7,53523.8,59374.4,63852.9,22258.3,0.0,44214.5,60041.2,16653.2,21304.5,22687.8,41536.7,36949.9,48833.7,13864.5,31378.9,23584.7,33013.7,34392.0,27363.2,21771.0,43808.7,38841.6,31399.5,29866.1,58774.4,51596.4,59703.2,51710.8,28054.1,22789.5
61,25946.2,60706.8,20344.3,5493.0,1807.3,24611.0,15059.4,21780.6,38401.9,217.6,17211.1,12839.9,17217.2,39485.3,919.5,29699.6,12374.1,30880.9,60894.4,29993.2,52571.5,24129.5,56585.6,13997.5,17301.7,16735.6,31372.3,50218.8,22882.6,54033.3,24129.5,34530.0,5552.2,22309.9,61873.8,21408.4,7784.4,48521.9,19487.9,35690.4,26592.6,1577.2,28335.3,29693.9,24431.7,32856.4,27672.5,25076.7,18372.7,44079.9,27329.0,30229.3,20929.6,29612.7,44894.2,44599.7,24321.4,32288.2,32490.4,28803.3,43993.3,0.0,32827.2,60646.5,30135.1,25817.2,23889.6,14945.8,9515.3,46503.3,21109.2,24168.4,38611.1,49366.8,17344.4,46417.8,12228.2,22309.9,23522.6,49528.6,36177.7,37443.9,45550.8,9892.1,49293.6,23845.7
62,35805.5,70053.4,19125.4,39982.8,34074.3,42349.4,25481.6,30649.1,60095.7,34648.5,49556.5,41395.7,49562.6,51485.8,35409.3,55448.1,46863.9,21206.4,71714.8,55741.7,46248.6,29572.5,62693.1,50535.7,49647.2,46678.9,40935.8,65862.1,32807.9,57722.0,29572.5,44389.3,34291.5,24488.3,71127.1,14173.5,24739.3,45840.1,39122.5,47690.8,13726.7,34116.1,38194.6,16828.0,26051.6,28203.4,39109.9,27986.3,49362.1,56080.4,24710.0,40088.6,55419.4,39176.2,54740.3,40241.5,9216.3,1353.1,17845.8,38662.6,59636.6,34717.9,0.0,70847.4,39994.4,35676.5,15735.2,25786.7,29561.9,63788.9,29977.7,42605.9,30468.4,28615.1,49689.8,51556.1,23342.4,24488.3,45186.7,44512.7,3179.9,9521.3,16427.7,22709.8,48382.7,35603.3
63,39474.9,1040.1,80091.0,65727.7,62392.9,39986.2,53795.9,47599.9,25187.1,60803.2,44300.8,71399.2,45422.0,28346.2,60479.8,31421.3,60108.7,83863.4,784.9,30952.3,30200.1,45007.6,17472.8,46828.7,44673.0,68667.4,36244.1,10432.6,45567.8,13525.4,45007.6,32956.2,61598.4,55499.7,279.7,72093.1,62044.1,26303.9,93346.3,32351.6,76383.6,62162.7,37728.3,79485.0,49565.6,48507.4,92974.0,46526.6,70487.7,25488.5,50350.3,37382.3,68346.9,38268.4,24388.3,31798.1,70181.9,72933.3,80511.0,38916.4,16658.1,60872.6,71580.1,0.0,37962.6,39345.9,58194.8,53608.0,65491.8,19231.5,48037.0,40242.7,42414.3,42233.4,44021.2,20792.5,60466.8,55499.7,48057.6,28887.7,70313.3,63135.4,67251.4,68368.9,27075.6,39447.6
64,5626.0,37868.2,44348.0,32834.3,28392.7,3168.2,17763.1,14080.4,22748.7,27644.2,17411.0,39425.3,17417.1,14152.0,32041.4,16326.1,30927.3,48120.4,38055.8,15857.1,27238.2,13641.4,31252.2,18390.3,17501.7,39486.0,5411.6,27380.2,9535.0,28700.0,13641.4,7042.3,25565.5,19756.7,38087.6,36350.1,26011.3,23188.6,57603.3,10357.1,40640.7,28162.5,2826.4,43742.0,16731.5,18659.7,57231.0,15160.4,41306.3,18746.6,18984.1,639.2,40342.0,5489.9,19560.8,19564.0,34438.9,40289.5,44768.0,1920.2,21154.7,27713.6,40956.3,37807.9,0.0,5497.0,22451.8,17575.2,29459.0,26441.9,13409.0,3424.7,18294.3,19672.6,17544.4,21084.4,24433.9,19756.7,11239.6,25925.8,39689.5,32511.5,40618.3,28965.9,23960.3,5598.7
65,166.5,39325.2,39490.2,31516.8,27075.2,7465.6,12905.3,9222.6,25211.9,26326.6,27574.0,38107.8,27580.1,14460.9,26943.3,18789.3,41090.2,43262.6,39512.7,18320.3,27547.1,13279.5,31561.1,28553.2,27664.6,42003.4,4884.0,28837.1,4677.2,29008.9,13279.5,9505.5,20707.7,14899.0,39544.5,31492.4,21153.5,23497.4,52745.5,10665.9,35782.9,26845.0,3310.8,38884.2,11873.7,18132.0,52373.2,14798.5,43640.5,19055.4,14771.0,5204.8,50504.9,4962.2,19869.7,19036.3,29581.1,35431.7,39910.2,3778.8,22611.7,26396.1,36098.5,39264.9,5110.7,0.0,17594.0,12717.4,24601.2,28905.1,8551.2,7722.2,17766.6,19145.0,27707.3,21393.3,19576.2,14899.0,15537.1,26234.6,34831.7,27653.7,35760.6,24108.2,24269.1,1891.7
66,17735.5,58280.1,23996.5,28769.3,24327.7,24279.3,9150.3,10185.5,42025.7,23579.2,31486.5,35360.3,31492.6,33415.7,24195.8,37378.1,35650.5,27768.8,58467.6,37671.6,45233.9,12534.4,50516.0,32465.7,31577.1,39255.9,22865.8,47792.0,14737.9,47963.7,12534.4,26319.2,17960.3,6863.5,58499.4,15998.6,16978.0,44825.3,37251.7,29620.8,20289.1,24097.5,20124.5,23390.4,10211.8,19829.8,36879.5,13481.6,40893.1,38010.3,11095.3,22018.6,44205.9,21106.2,38824.6,36093.2,14087.3,12622.9,24416.4,20592.6,41566.6,23648.6,15234.8,58219.7,21924.4,17606.5,0.0,9455.4,18449.1,45718.8,9514.1,24535.9,29453.6,27600.4,31619.8,40348.2,15581.1,6863.5,27116.7,43498.0,16962.6,10588.8,15194.1,14948.5,47367.9,17533.2
67,13098.2,51501.7,28303.7,20349.6,15908.0,19642.1,187.9,7095.9,37388.4,15159.5,21481.6,26940.6,21487.7,26637.3,15776.1,30143.2,27230.8,32076.1,51689.2,30436.7,52315.6,9444.8,43737.6,20176.0,21572.3,30836.3,18524.3,41013.6,8208.4,41185.3,9444.8,21682.0,9540.6,7625.2,51721.0,20305.8,9986.4,35673.9,33588.6,22842.4,24596.3,15677.9,15487.3,27697.7,9747.0,18171.7,41773.2,10392.0,32473.4,31231.9,12644.3,17381.3,35786.2,16764.7,32046.2,28028.7,18394.6,24245.2,28723.7,15955.3,34788.2,15228.9,24784.1,51441.4,17287.1,12969.2,9018.0,0.0,13434.1,41081.6,6424.5,19898.7,23926.4,34682.2,21615.0,33569.8,7294.8,7625.2,26363.6,50579.7,29937.2,22759.3,30866.1,11284.5,36445.6,12896.0
68,24338.7,62742.1,16439.4,14772.2,9176.9,25998.8,13451.9,20173.1,41840.1,9582.0,24476.2,17885.9,24482.3,37877.8,10198.6,33137.7,21653.3,26976.0,62929.7,33431.3,50964.0,22522.0,54978.0,22530.0,24566.9,21781.6,29764.7,52254.1,21275.1,52425.8,22522.0,32922.4,6711.8,20702.3,62961.5,17503.5,5504.7,46914.3,27202.8,34082.8,22687.7,9218.7,26727.7,25789.0,22824.2,31248.9,26830.6,23469.1,23418.7,42472.4,25721.5,28621.8,30208.7,28005.1,43286.6,42992.2,20416.4,28383.3,28585.5,27195.8,46028.6,9651.5,28922.2,62681.8,28527.6,24209.7,18854.7,13338.2,0.0,49941.4,19501.7,25556.2,37003.6,47759.3,24609.5,44810.2,7829.9,20702.3,26483.5,47921.1,32272.8,35836.4,44594.2,4151.9,47686.0,22238.2
69,29155.2,20981.9,67877.3,51551.5,48216.7,25336.7,41292.3,37609.6,7747.1,46626.9,30124.6,57223.0,31245.8,28683.4,46303.6,17245.1,45932.5,71649.6,19804.1,16776.1,40642.9,39081.7,29356.8,32652.5,30496.8,54491.2,30318.2,10493.9,33064.2,22940.4,39081.7,19377.1,45491.3,43286.0,19355.3,59879.4,48337.8,36746.7,67646.3,30393.0,64169.9,47986.5,26359.6,67271.2,43639.7,42192.9,74081.9,40600.7,56311.5,28024.0,44424.4,26013.6,54170.7,29023.1,28976.1,42240.8,57968.1,63818.7,68297.2,27547.7,15722.0,46696.4,64485.5,19212.0,26593.9,29026.2,45981.1,41104.4,50068.6,0.0,36938.2,25607.7,41827.5,43205.9,29845.0,31235.3,47963.2,43286.0,31384.1,39330.4,63218.7,56040.8,64147.6,50445.4,37518.4,29127.9
70,8946.9,47852.9,31393.9,26353.0,21911.4,15490.8,6627.3,671.4,33237.1,21162.9,29941.7,32944.0,29947.8,22988.6,21779.5,26814.5,33234.2,35166.2,48040.5,26345.5,33910.7,3020.3,40088.8,30920.9,30032.3,36839.7,12438.6,37364.9,4057.2,37536.6,3020.3,17530.7,15544.0,5522.7,48072.3,23396.0,15989.8,32025.2,44649.1,19193.7,27686.5,21681.3,11336.0,30787.8,3322.5,11747.2,44276.9,3967.5,38476.8,27583.2,6219.8,13230.0,41789.6,10579.1,28397.4,21604.2,21484.7,27335.3,31813.8,11804.0,31139.4,21232.4,27874.2,47792.6,13135.8,8818.0,9528.6,6439.5,19437.5,36930.3,0.0,15747.4,17501.9,16729.1,30075.0,29921.0,13298.2,5522.7,25571.9,32174.8,29045.3,21867.3,29974.1,17287.9,32796.9,8744.7
71,8003.5,39782.8,46725.6,29409.5,24967.9,442.6,20140.6,16457.9,20297.4,24219.4,13986.3,36000.5,13992.4,16066.6,28616.6,11595.1,27502.5,50498.0,39970.4,11888.7,29152.8,16022.9,33166.9,14965.5,14076.9,36061.2,7793.2,29294.8,11912.5,30614.6,16022.9,5975.6,20963.2,22134.3,40002.2,38727.7,19698.8,25103.2,42648.5,12271.7,43018.2,24737.8,5207.9,46119.6,19109.0,21041.2,50833.1,17541.9,37881.6,20661.2,21365.7,3664.1,36917.2,7871.4,21475.5,21945.5,36816.5,42667.0,47145.5,5198.2,23069.3,24288.9,43333.9,39722.5,3430.2,7874.5,24829.4,19952.8,25540.5,25314.8,15786.5,0.0,20675.8,22054.2,14119.6,22999.1,20770.7,22134.3,7814.9,27840.4,42067.0,34889.1,42995.9,25917.4,25874.9,7976.2
72,18148.8,39686.3,51077.1,44150.5,39708.9,20971.5,24424.8,17360.4,40556.6,38960.4,35214.3,50741.5,35220.4,23570.1,39577.0,34134.0,48730.6,52969.1,41347.7,33665.0,15881.5,15419.6,32326.0,36193.6,35305.0,54637.2,14762.8,40019.1,22373.5,27354.9,15419.6,24850.2,33341.5,21334.7,40760.0,46125.1,33787.3,15473.0,71074.1,17798.0,45678.3,39478.8,16424.5,48779.7,19326.1,6251.9,71061.5,13903.7,56274.3,25473.4,20073.6,18710.7,58145.3,15404.5,24373.3,9489.4,41167.9,31756.4,46718.1,17520.8,33463.6,39029.9,30403.3,40480.3,18624.0,18019.8,29506.4,24237.0,37235.0,44249.8,17797.5,21228.1,0.0,1378.3,35347.7,21189.1,31095.7,21334.7,29042.9,14145.6,29136.4,21958.5,26074.5,35085.4,18015.6,18121.5
73,18992.9,40600.2,50054.8,55874.8,51433.2,21815.6,36149.1,18204.6,41400.7,50684.7,36058.5,62465.8,36064.6,24484.0,51301.3,34978.1,49574.7,51946.8,42261.6,34509.1,16795.5,16263.7,33239.9,37037.7,36149.1,66361.4,15606.9,40933.0,23217.6,28268.8,16263.7,25694.3,45065.8,24885.4,41673.9,45102.9,45511.6,16386.9,70051.9,18642.1,44656.1,51203.0,17268.6,47757.4,23478.4,7096.0,70039.3,14747.8,67998.6,26387.3,19051.4,19554.8,58989.4,16248.6,25287.2,10333.5,40145.7,30734.2,45695.9,18364.9,34307.7,50754.1,29381.0,41394.3,19468.1,18863.9,28484.2,35961.2,48959.2,45093.9,18641.6,22072.2,1853.2,0.0,36191.8,22103.0,42820.0,24885.4,29887.1,15059.6,28114.2,20936.3,25052.3,44021.3,18929.5,18965.6
74,27930.2,44771.7,37914.4,22712.2,19377.4,14983.2,21990.4,29477.9,20713.7,17787.7,372.2,28283.4,823.5,30607.2,17464.4,13764.5,16992.8,48451.0,44959.3,14058.0,43693.4,31826.9,47707.4,3813.2,744.5,25551.5,22333.7,34283.7,24932.5,45155.2,31826.9,22714.2,20461.8,30469.9,45938.7,38978.5,23308.3,39643.8,38706.7,26812.2,51353.8,19147.3,19748.5,54455.2,33387.4,35581.8,45242.6,32774.0,27371.9,35201.8,37261.2,18204.7,24988.0,31300.9,36016.0,36486.1,45152.1,51002.6,55481.1,19738.8,28058.2,17857.1,51669.5,44711.4,17970.8,27801.2,33165.0,21876.8,25039.1,30568.2,28806.6,14540.6,35216.4,36594.7,0.0,37539.6,25068.0,30469.9,9122.6,42380.9,50402.6,43224.7,51331.5,25415.9,40415.4,27727.9
75,21547.8,19972.4,62164.0,54480.4,50038.7,23251.7,35868.9,29672.9,34976.1,49290.2,37494.6,61071.3,37500.7,7579.1,49906.8,25975.8,51010.8,65936.3,21633.8,25506.7,12055.4,27080.5,10193.2,38473.8,37585.2,64967.0,18317.0,20305.1,27640.7,7641.0,27080.5,21936.3,43671.3,37572.7,21046.1,54166.1,44117.1,8159.2,75419.2,11584.4,58456.6,49808.6,19823.6,61557.9,31638.6,30362.6,75047.0,28599.5,61389.9,4721.3,32423.3,20647.8,60425.5,20341.3,3621.2,13653.3,52254.8,54788.5,62583.9,20919.9,20655.5,49359.7,53435.4,20766.4,21228.2,21418.8,40267.8,35681.0,47564.8,30676.6,30110.0,23508.3,24269.5,24088.6,37627.9,0.0,42539.7,37572.7,31323.2,10742.9,52168.6,44990.6,49106.6,50441.9,8930.9,21520.5
76,20009.1,58412.5,20752.6,17406.3,12964.6,20933.8,7285.6,14006.8,44299.3,12216.1,24422.7,23997.2,24428.8,33548.2,12832.7,33084.2,24287.4,31289.2,58600.1,33377.8,59226.5,16355.7,50648.4,25164.1,24513.4,27892.9,25435.1,47924.5,15119.3,48096.2,16355.7,28592.9,6597.2,14536.0,58631.9,21816.7,4402.4,42584.7,34935.1,29753.2,22633.2,12734.5,22398.1,25734.5,16657.9,25082.6,34562.8,17302.8,29530.0,38142.8,19555.2,24292.2,32842.8,23675.5,38957.0,34939.6,17298.2,20230.5,29209.3,22866.2,41699.0,12285.6,22842.4,58352.2,24198.0,19880.1,15663.7,7172.0,7509.2,47992.5,13335.4,20754.0,30837.3,41593.0,24556.0,40480.6,0.0,14536.0,33274.4,57490.6,26192.9,29670.1,37776.9,3989.7,43356.4,19806.8
77,15097.1,55641.7,29984.7,27535.1,23093.5,21640.9,7809.4,4946.2,39387.3,22345.0,28848.1,34126.1,28854.2,30777.3,22961.6,34739.7,34416.3,33757.1,55829.2,35033.2,45690.5,6515.0,47877.6,29827.3,28938.7,38021.7,20227.4,45153.6,12099.5,45325.3,6515.0,23680.9,16726.1,0.0,55861.0,21986.8,17171.9,39813.9,43239.9,26982.4,26277.3,22863.3,17486.1,29378.7,2846.6,14040.1,42867.7,7462.1,39658.9,35371.9,6867.8,19380.2,42971.7,18467.8,36186.2,33454.8,20075.6,16995.6,30404.6,17954.2,38928.2,22414.4,24578.9,55581.4,19286.0,14968.1,6816.3,7621.5,20619.6,43080.5,5528.1,21897.5,19794.8,28057.0,28981.4,37709.8,14480.3,0.0,24478.3,43954.6,23312.0,16134.1,24240.9,18364.5,40585.6,14894.8
78,13421.5,45200.8,49007.0,29118.0,25783.2,5860.6,26738.1,23423.7,23833.7,24193.4,9239.8,34046.5,9245.9,21484.6,23870.1,15131.4,22756.0,52779.3,45388.4,15424.9,34570.8,25772.7,38584.8,10219.0,9330.4,31314.7,13211.2,34712.8,18878.3,36032.6,25772.7,11393.6,22543.6,24415.7,45420.2,41009.1,25390.0,30521.2,44469.9,17689.7,45299.6,25553.0,10625.9,48400.9,27333.2,26459.2,51648.4,26719.8,33135.1,26079.2,31206.9,9082.1,32170.7,13289.4,26893.4,27363.5,39097.9,44948.4,49426.9,10616.2,28487.3,24262.9,45615.3,45140.5,8848.2,13292.5,27110.8,26550.3,27120.9,31935.1,22752.4,5418.0,26093.8,27472.2,9373.1,28417.1,33409.0,24415.7,0.0,33258.4,44348.4,37170.5,45277.3,27497.7,31292.9,13394.2
79,26128.4,28340.8,66430.4,59060.9,54619.3,27832.3,40449.4,34253.5,37043.9,53870.8,42075.1,65651.9,42081.2,12224.7,54487.4,30621.3,55591.4,68322.4,30002.2,30152.3,3587.3,31661.1,20980.5,43054.3,42165.8,69547.5,22897.6,28673.6,32221.3,16009.4,31661.1,26516.9,48251.9,41260.9,29414.5,61478.4,48697.7,3178.8,86427.4,16165.0,61031.7,54389.1,24404.1,64133.0,39853.9,22683.9,86414.9,30335.7,65970.4,14127.9,35427.0,25228.4,65006.0,24921.9,13027.8,4761.8,56521.3,47109.7,62071.5,25500.4,29024.0,53940.2,45756.6,29134.9,25808.7,25999.4,44859.7,40261.5,52145.3,39045.1,34690.5,28088.8,12870.1,16409.8,42208.4,9843.6,47120.3,41260.9,35903.7,0.0,44489.8,37311.8,41427.9,60396.9,6670.1,26101.1
80,34571.6,68819.5,23233.9,44091.2,38182.7,41115.5,29488.7,29415.2,58861.8,38756.9,48322.6,45504.2,48328.7,50251.9,39517.7,54214.2,50972.4,25125.9,70480.9,54507.8,45014.7,28338.6,61459.2,49301.9,48413.3,50787.4,39701.9,64628.2,31574.0,56488.1,28338.6,43155.4,38405.3,23254.5,69893.2,18281.9,28847.8,44606.2,43230.9,46456.9,17835.2,38224.6,36960.7,20936.5,24817.7,26969.6,43218.4,26752.4,53470.5,54846.5,23476.2,38854.7,59527.8,37942.3,53506.5,39007.6,13324.8,6012.1,18875.0,37428.7,58402.7,38826.4,3150.7,69613.5,38760.5,34442.6,16786.5,29300.8,33670.4,62555.0,28743.8,41372.0,29234.5,27381.3,48456.0,50322.2,27450.9,23254.5,43952.8,43278.8,0.0,8287.4,12877.5,26818.3,47148.8,34369.4
81,27468.1,61716.0,30156.3,42110.9,37669.2,34012.0,22385.2,22311.7,51758.3,36920.7,41219.1,52426.6,41225.2,43148.4,37537.3,47110.7,48992.0,32048.3,63377.4,47404.3,37911.2,21235.1,54355.7,42198.4,41309.8,52597.5,32598.4,57524.7,24470.5,49384.6,21235.1,36051.9,31301.8,16151.0,62789.7,25204.4,31747.6,37502.7,50153.4,39353.4,24757.6,37439.1,29857.2,27858.9,17714.2,19866.1,50140.8,19648.9,54234.6,47743.0,16372.6,31751.2,57547.4,30838.8,46403.0,31904.1,20247.2,10835.7,25797.4,30325.2,51299.2,36990.2,9482.6,62510.0,31657.0,27339.1,10506.1,22197.3,35195.3,55451.5,21640.3,34268.5,22131.0,20277.8,41352.5,43218.7,29056.0,16151.0,36849.3,36175.3,8215.7,0.0,5384.5,26043.2,40045.3,27265.9
82,35430.2,65929.7,35429.7,50072.9,45631.3,41974.1,30347.3,30273.8,59720.4,44882.8,49181.2,57700.0,49187.3,51110.5,45499.4,55072.8,56954.1,37546.5,67591.1,55366.4,42125.0,29197.2,58569.4,50160.5,49271.9,60559.6,40560.5,65486.8,32432.6,53598.3,29197.2,44014.0,39263.9,24113.1,67003.4,30477.7,39709.7,41716.4,55426.7,47315.5,30030.9,45401.2,37819.3,33132.3,25676.3,24079.8,55414.1,27611.0,62196.7,51716.8,21917.9,39713.3,65509.5,38800.9,50616.7,36117.9,25520.5,18207.9,31295.6,38287.3,59261.3,44952.3,17401.9,66723.8,39619.1,35301.2,15094.9,30159.4,43157.4,63413.6,29602.4,42230.6,26344.7,24491.5,49314.5,47432.5,37018.1,24113.1,44811.4,40389.1,13895.9,5368.1,0.0,30632.0,44259.0,35228.0
83,23845.6,62249.1,17732.4,15106.3,10664.7,26333.0,11275.2,17996.4,42174.2,9916.1,24810.3,21697.3,24816.4,37384.7,10532.8,33471.9,21987.4,28269.0,62436.6,33765.4,60604.7,20345.4,54485.0,22864.1,24901.0,25592.9,32814.8,51761.0,19109.0,51932.7,20345.4,32429.4,7046.0,18494.1,62468.4,18796.5,2194.3,46421.3,29346.0,33589.8,21964.5,10434.5,26234.7,25065.8,20647.5,29072.2,28973.8,21292.5,27230.1,41979.3,23544.8,28128.7,30542.9,31055.1,42793.6,46042.2,16629.5,19561.8,28540.6,26702.7,45535.6,9985.6,22173.7,62188.7,28034.5,23716.6,14995.0,11161.6,3775.5,50275.6,17325.0,25890.4,34826.9,42971.2,24943.7,44317.2,3989.7,18494.1,26817.6,58868.8,25524.3,25979.8,30585.1,0.0,47193.0,21745.1
84,24568.0,26835.4,65184.1,57500.5,53058.9,26271.9,38889.0,32693.1,35483.5,52310.4,40514.7,64091.5,40520.8,10664.2,52927.0,29060.9,54031.0,71764.4,28496.8,28591.9,4370.5,30100.7,19475.1,41493.9,40605.4,67987.1,21337.2,27168.1,30660.9,14504.0,30100.7,24956.5,46691.5,40592.8,27909.1,57186.2,47137.3,3768.9,78439.4,14604.6,61476.8,52828.7,22843.7,64578.1,34658.7,26125.8,78067.1,31619.7,64410.0,12622.5,38868.9,23668.0,63445.6,23361.5,11522.3,8787.7,55275.0,50551.7,65513.5,23940.0,27518.6,52379.8,49198.6,27629.4,24248.3,24439.0,43287.9,38701.1,50584.9,37539.6,33130.1,26528.4,20032.8,19851.8,40648.0,8338.1,45559.9,40592.8,34343.3,6506.1,47931.8,40753.8,44869.8,53462.0,0.0,24540.7
85,2086.1,39370.1,40808.2,29212.6,24771.0,7510.5,14223.2,10540.5,25256.9,24022.5,21753.4,35803.6,21759.5,14505.8,24639.1,18834.3,36093.8,44580.5,39557.7,18365.2,27592.0,14597.4,31606.0,22732.6,21844.0,39699.2,4928.9,28882.1,5995.1,29053.8,14597.4,9550.4,18403.6,16216.9,39589.5,32810.3,18849.4,23542.3,54063.4,10710.8,37100.8,24540.8,3355.7,40202.1,13191.6,18177.0,53691.2,16116.4,41336.4,19100.4,16088.9,5249.8,44684.3,5007.1,19914.6,19081.2,30899.1,36749.6,41228.1,3823.8,22656.6,24091.9,37416.4,39309.8,5155.6,1957.1,18912.0,14035.4,22297.0,28950.1,9869.1,7767.1,17811.6,19189.9,21886.7,21438.2,20894.1,16216.9,15582.0,26279.5,36149.6,28971.7,37078.5,21804.0,24314.0,0.0
